exposure_days,t_latent,t_incubation,t_post_incubation,tested_positive,expressed_symptoms,time_discharged,symptomatic,vaccinated,FoI_max,FoI_community
0.0,0.0,0.0,0.0,0,0,0.0,0,0,0.0,0.0
6.5999999999999925,0.1,6.559501062876523,7.440622647522591,0,1,7992.0,1,1,1.5234873444336026e-7,1.0412127119002391e-7
7.999999999999988,0.1,2.8691356220036397,5.5740537709681135,1,0,10416.0,0,1,0.015920288692785424,0.042167984569201816
6.699999999999992,0.1,3.553538007518038,8.438986519542903,1,1,12896.0,1,1,0.07221266642865588,0.18655366861068928
5.1999999999999975,0.1,4.421976087212921,9.378416099269266,1,0,13738.0,0,1,0.00020640408116516946,0.00023875083730341074
9.099999999999984,0.1,8.24897575372154,7.661412118772459,1,1,14641.0,1,1,0.00018101304939293099,0.0002707463739261563
5.599999999999996,0.1,6.009344831127383,6.875784939326328,1,0,20738.0,1,1,1.3366208728481314e-5,6.507952827467755e-6
4.6,0.1,5.2733094552538295,7.987561251616119,1,0,26998.0,1,1,3.810559005625357e-12,1.500707471833703e-12
4.200000000000001,0.1,4.596213408487401,9.435148514324617,1,0,32403.0,0,1,1.4700066913031848e-7,5.687890747299136e-8
4.000000000000002,0.1,5.680196031279364,6.411200185653362,1,0,33925.0,1,1,0.0049220847388624775,0.0014826884423590346
8.799999999999985,0.1,4.671976637934011,6.753152049848733,1,0,34607.0,0,1,0.05034160953124549,0.14243177894693249
6.099999999999994,0.1,5.036043347657371,8.815503466723893,1,1,43536.0,1,1,6.470593294247715e-6,9.273503359093255e-6
5.299999999999997,0.1,3.1812357322855727,6.039178801134058,1,0,44548.0,0,1,7.871884843547507e-12,1.479242102571994e-11
9.599999999999982,0.1,9.616387556815072,8.587598269726731,1,1,44622.0,1,1,0.02981213663219867,0.02434940273823237
4.200000000000001,0.1,4.619154449075811,8.113591663332183,1,0,61474.0,1,1,0.01142655476527079,0.0043989839196945674
2.1000000000000005,0.1,3.915224371464327,7.828686432930989,1,0,62216.0,0,1,0.09614852684971531,0.017844206558930577
5.399999999999997,0.1,3.842845534996882,8.758988595170361,0,1,68876.0,1,1,1.1853928560626563,2.024436522783498
6.999999999999991,0.1,2.757815656444763,9.112176620176289,1,0,68879.0,0,1,0.07448234629226154,0.22865129705940024
5.599999999999996,0.1,3.302924711727556,9.029095544299373,1,0,73325.0,0,1,7.984282986774359e-6,1.6914284583314204e-5
9.299999999999983,0.1,9.178974553509157,9.797074419074447,1,0,78708.0,0,1,0.0004508027576471834,0.0004359185862081094
4.899999999999999,0.1,5.146116873657626,8.701608416458349,1,0,81511.0,0,1,1.9620106353489178e-11,8.856538883515038e-12
2.600000000000001,0.1,4.216611588465217,7.021793453391329,1,0,91368.0,1,1,1.0884646508265299,0.2370456462264736
3.800000000000002,0.1,4.792096381590274,5.948974851672816,1,0,99791.0,1,1,0.05432046438822883,0.017282340154304292
4.699999999999999,0.1,7.219033159144501,7.28303819563358,1,0,101297.0,1,1,9.824986383913462e-12,3.1223426205830463e-12
3.700000000000002,0.1,3.795144923085758,7.8461502917677866,1,1,102507.0,1,1,0.3430779078946842,0.13030689631442366
5.4999999999999964,0.1,4.195382727616835,8.94924461767525,1,0,102508.0,0,1,0.19100333940196706,0.30590336737945484
4.999999999999998,0.1,4.270489792563163,9.243337368854611,1,1,109907.0,1,1,0.030957548007550354,0.035381363774792673
4.5,0.1,7.46039808287678,7.6336737538604105,1,0,111422.0,1,1,5.803100435041733e-10,1.7135064575659203e-10
9.199999999999983,0.1,4.5510989286266,5.0513730846920355,1,0,113650.0,0,1,1.0860820848545498,2.7508653665688265
5.099999999999998,0.1,6.5667566728331375,9.965981476089766,1,0,120235.0,0,1,6.684148382361233e-7,2.552108480690172e-7
4.799999999999999,0.1,5.415299058000031,9.296538770604911,1,0,121923.0,1,1,0.0005565313200407402,0.00022949115974781658
5.699999999999996,0.1,7.5722016870952915,8.36147862441618,1,0,134796.0,0,1,0.0007234084249797697,0.00029156962713744266
4.899999999999999,0.1,5.837159624659733,8.627838774974853,1,0,140200.0,1,1,1.3656828653378808e-13,5.424791130276077e-14
3.4000000000000017,0.1,3.337882145998771,6.790422021561695,0,1,143730.0,1,1,0.03438679692702807,0.015569232511804205
5.799999999999995,0.1,2.937174548431457,7.609848717845908,1,0,144382.0,0,1,0.0013149282827219187,0.003047810457450724
4.999999999999998,0.1,4.330138293123785,6.394872881638562,1,0,145068.0,0,1,0.009014280341657582,0.009362149807905897
2.3000000000000007,0.1,1.8542617088623037,5.13071770682309,1,0,145389.0,0,1,1.694232610246244e-11,1.161776869760334e-11
4.100000000000001,0.1,3.7173241421775844,5.626128923860038,0,1,150776.0,1,1,0.01740545982040306,0.012976240189806658
4.5,0.1,4.642421835788394,9.27384460345833,1,0,151295.0,1,1,1.044888187444584,0.4522888391203042
7.499999999999989,0.1,5.69758919390985,7.180000904063717,1,0,151673.0,0,1,1.0858900383062123e-5,2.151749988674207e-5
4.300000000000001,0.1,6.135503431670774,6.4228114320602785,1,0,161367.0,0,1,4.091176362598953e-7,1.287070357742299e-7
6.8999999999999915,0.1,6.999049264725804,9.597856769963098,1,1,161369.0,1,1,0.5465781929945427,0.3343872517377165
10.999999999999977,0.1,4.016538644299949,7.083619771407134,0,0,168169.0,0,1,2.070274437668061e-10,7.0528496147959e-10
16.399999999999963,0.1,10.470131929589243,6.032086999494121,0,0,170118.0,0,1,0.0001335021067549843,0.00046109238092433404
11.999999999999973,0.1,4.29449072162486,7.970180300638489,1,0,174685.0,0,1,1.1513466714105269e-7,4.4385776229342575e-7
4.999999999999998,0.1,4.779572231778012,9.872430272475158,0,1,174877.0,1,1,0.25797696421617156,0.191276665132392
3.800000000000002,0.1,3.3741737698865286,8.488117535177743,1,0,185003.0,0,1,17.301186562195053,14.14131536215032
2.700000000000001,0.1,6.042586139985729,7.530050698232259,1,0,185005.0,0,1,3.5217448955232067,0.689405079532131
3.3000000000000016,0.1,6.227217620874517,9.464652681404628,1,0,185006.0,1,1,4.889474269217306e-6,1.1276036297981985e-6
4.699999999999999,0.1,5.865233137832929,6.094853056759604,1,0,185006.0,1,1,0.08873325210109918,0.032845499520317345
3.900000000000002,0.1,6.13960446646013,8.629059167384217,1,0,185007.0,1,1,0.0004893686144101388,0.00013602516639124335
4.300000000000001,0.1,3.023333203333195,7.168913794750567,1,0,185007.0,0,1,4.524582851497525e-29,6.314736470667155e-29
4.799999999999999,0.1,4.78274500241624,7.208065620879073,1,1,185017.0,1,1,0.004741828213218376,0.002611328104481372
14.099999999999966,0.1,11.774482127826799,8.049597974589158,1,0,185017.0,0,1,2.7614299225326473,7.596254153796288
11.299999999999976,0.1,3.1042165369919577,9.164407451763473,1,0,185024.0,0,1,8.056611004818741e-9,3.3131421274285884e-8
2.700000000000001,0.1,4.757075569382277,8.790241554350903,1,0,188106.0,0,1,0.24115731754534825,0.05152998327413948
3.0000000000000013,0.1,3.1049389102754836,7.737173246861975,1,0,197059.0,1,1,0.023900902054086924,0.007836134225014453
7.999999999999988,0.1,6.186463452295168,7.6326604139742855,1,0,198160.0,0,1,1.7982213716441755,3.662541502174171
9.199999999999983,0.1,9.611457067777469,7.943666585043991,1,0,199344.0,0,1,0.01360191172449885,0.010165004890726383
4.200000000000001,0.1,3.645860175405338,9.36632337255145,1,1,204621.0,1,1,0.0005276412413891614,0.0004907897406045565
16.699999999999967,0.1,7.0555455929369675,9.835554971695647,1,0,205299.0,0,1,0.00017807749061912043,0.0008648580721001409
3.900000000000002,0.1,2.703894145933502,5.94032224666773,1,0,210273.0,0,1,0.005893587128313444,0.007448633022311963
3.5000000000000018,0.1,3.491541386334618,5.525026249701633,0,1,212301.0,1,1,8.721891373681535e-8,3.965585900078925e-8
4.799999999999999,0.1,4.220314990828607,8.588408144234613,1,0,216265.0,0,1,2.960465840628823e-6,2.869770576795314e-6
3.800000000000002,0.1,4.660604922435395,9.53710397804289,1,0,223615.0,0,1,7.942605234175122,2.5852484185782796
4.4,0.1,4.379201330644182,9.37658139497572,1,1,226725.0,1,1,8.595291978810202e-6,4.492644668340117e-6
4.000000000000002,0.1,5.435362454563036,6.49884376929008,1,0,227843.0,0,1,1.795413096127801e-13,5.577924671182346e-14
4.699999999999999,0.1,4.03515878014602,7.2309023953324765,1,0,227843.0,0,1,0.8728708691454713,0.8964133917071347
4.4,0.1,3.097077934554965,8.908137343067924,1,0,227843.0,0,1,0.014279329615435134,0.021719157210964266
9.599999999999982,0.1,4.290389588608292,5.477893310399374,0,0,227989.0,0,1,1.0678703158959476e-5,2.955716977065625e-5
3.5000000000000018,0.1,3.4606774910874045,8.894436038745667,1,0,228812.0,0,1,3.471662358122621e-6,1.5931617010030058e-6
4.000000000000002,0.1,5.223698533177505,8.89413937630988,1,0,243820.0,0,1,1.295729323712798e-10,4.1466623102214155e-11
3.5000000000000018,0.1,2.8327763276951754,6.435642212834316,1,1,252555.0,1,1,1.010703641945031,0.9405278438112704
2.700000000000001,0.1,2.076509128947419,7.394170687160405,0,1,253204.0,1,1,0.006284477064022408,0.005564303728630145
5.599999999999996,0.1,5.19123421230841,8.028285835538796,1,1,256655.0,1,1,0.005605224857008623,0.005303389713535223
4.6,0.1,4.1860853617191065,9.944978860229252,1,0,261170.0,0,1,4.043195000068884,3.559093957916024
3.900000000000002,0.1,2.589489341077682,5.390819069231738,1,0,261174.0,0,1,3.839159374050382e-9,5.253645154911512e-9
5.1999999999999975,0.1,7.040571455001526,9.460818677540125,1,0,261289.0,1,1,0.060817727148034934,0.022614162770184534
7.999999999999988,0.1,7.443361247910252,9.226728839811553,1,0,261293.0,0,1,0.10747385533028538,0.12952653823355365
3.600000000000002,0.1,3.2896211103722868,8.421512000951079,1,1,261763.0,1,1,3.769819579729815e-9,2.7175443473118204e-9
4.899999999999999,0.1,4.527694608483703,5.319034330386509,0,1,268775.0,1,1,0.7028847935225832,0.5632334365395734
4.799999999999999,0.1,3.7876571621574087,6.147910863570779,1,1,279166.0,1,1,0.014843748740894521,0.019168954567063252
5.699999999999996,0.1,3.9333311400304662,9.545285796791214,0,1,284022.0,1,1,0.013339006742084209,0.024978628080191006
7.19999999999999,0.1,6.924411162449798,9.400710992730296,1,0,285103.0,0,1,0.005392071005559582,0.004871064936805525
3.4000000000000017,0.1,4.2599064322189,6.882950123793695,1,0,286695.0,1,1,0.2309231579724967,0.06881985867053893
2.400000000000001,0.1,5.088816331254248,9.91899701644488,1,0,287457.0,0,1,1.5512367274202027e-7,2.924180564451119e-8
5.4999999999999964,0.1,6.238943969134545,5.417785549148935,1,0,290948.0,1,1,0.01963146154230789,0.008893257855619232
7.499999999999989,0.1,7.675135193182847,7.049311958778177,1,0,296201.0,0,1,0.08795591487008897,0.05693615725610694
7.39999999999999,0.1,8.646303168508815,5.451824069940675,1,0,301878.0,1,1,2.5213320557029e-8,1.3923797169761378e-8
3.4000000000000017,0.1,2.5213388551411504,9.892679972002234,1,0,305821.0,0,1,9.272150284931684e-11,1.0251131982620032e-10
3.800000000000002,0.1,4.720715879802789,9.90896388428438,1,0,306602.0,0,1,8.264166448224952e-5,2.661493545873086e-5
8.199999999999987,0.1,6.2185047938279805,9.335444737305863,1,0,306607.0,0,1,2.0231174339080683e-15,4.37212745611289e-15
7.799999999999988,0.1,3.7747533802132764,6.172684088018015,1,0,310658.0,0,1,6.431380895119022e-5,0.00016909225899230127
8.399999999999986,0.1,11.207949121796918,9.276807779267386,1,0,311608.0,1,1,0.017544114105260637,0.009464793024224339
2.400000000000001,0.1,2.963814653612636,8.268466787179392,1,0,316019.0,1,1,0.00021788127452533946,5.363034107931507e-5
4.200000000000001,0.1,5.087834412475661,7.5468571968598095,1,0,319518.0,0,1,2.6532212084889613e-6,9.327704915369627e-7
4.300000000000001,0.1,4.632550833803152,6.440868784616897,1,0,319519.0,0,1,6.9402492099141595,2.7744731707656007
11.399999999999975,0.1,9.059133149522744,7.424036102726792,1,1,322254.0,1,1,2.577759344743957e-9,6.464805196118289e-9
4.6,0.1,5.1515535703309006,5.541045245527617,1,0,325853.0,1,1,0.27848735984845624,0.11222257805719787
19.60000000000001,0.1,14.036713685993199,5.706837135881555,1,0,329750.0,0,1,0.17524349468084818,0.6198902583236515
3.700000000000002,0.1,2.325769710746893,8.888362163221053,1,1,331459.0,1,1,2.6638065367475114,3.888526132531586
14.599999999999964,0.1,8.40738536572706,6.384260349550837,1,0,331474.0,0,1,0.02482352903692929,0.08433072914332432
3.3000000000000016,0.1,2.7740857685392792,5.418653505518379,1,0,338120.0,0,1,2.8133305563902323e-5,2.3484215698526617e-5
4.5,0.1,6.285061453044004,5.504858073615906,1,0,343620.0,1,1,0.6747774605638663,0.2220475490311168
9.099999999999984,0.1,6.677457833891083,9.432794829832023,1,0,349901.0,0,1,5.177359543833318e-20,1.3028940739426895e-19
5.1999999999999975,0.1,4.05780344422181,7.420100017199881,0,1,352579.0,1,1,0.008713628349934865,0.012292192875079907
10.699999999999978,0.1,10.08336125513661,5.9828301264949655,1,1,355908.0,1,1,0.00014225110227938023,0.00020641968998079063
9.399999999999983,0.1,7.653039201312815,6.455282118582818,1,0,357434.0,0,1,0.0004022579398129018,0.0008112424806928225
4.699999999999999,0.1,3.5691804201032653,7.0285552143164995,1,0,357492.0,0,1,1.2885719163587328,1.7609506442918348
5.399999999999997,0.1,7.8836543457865575,6.579653770660499,1,0,362103.0,0,1,0.20931551742617374,0.07561533358823364
9.399999999999983,0.1,2.6282593985584737,6.871849952799909,0,0,368069.0,0,1,0.01896216881911885,0.061096154462819297
2.9000000000000012,0.1,3.4916560808103965,9.352171133117922,1,0,379321.0,0,1,0.13133858889149785,0.036690341543818505
3.0000000000000013,0.1,2.7569019330762403,6.506936195960543,1,0,383222.0,0,1,0.40154966461439456,0.23714873976253092
3.700000000000002,0.1,5.1741756018755725,9.101374998630707,1,0,387054.0,0,1,0.6983412514759363,0.20238314678003716
4.4,0.1,3.6870417777925777,5.720858021572575,1,1,387137.0,1,1,0.00806168141777778,0.008537062554448312
2.1000000000000005,0.1,1.9055811640882354,7.950565459675742,1,1,387272.0,1,1,0.01037837022414015,0.0046552581629630985
2.9000000000000012,0.1,3.258898820610599,9.980331033533767,1,0,394417.0,1,1,7.67128355497251e-9,2.2734358606938074e-9
4.300000000000001,0.1,3.9213200778742903,5.171073199638659,1,1,425544.0,1,1,2.5941589178369755e-15,1.9625622712702432e-15
4.5,0.1,6.086224782534065,6.654877478512011,1,0,431428.0,0,1,3.72635542058408e-5,1.2554218510605933e-5
6.799999999999992,0.1,6.136661340759896,7.788901174560767,1,1,442059.0,1,1,0.0010566038320908148,0.0012518843295390761
4.000000000000002,0.1,2.1932002911784556,5.025281145344968,1,0,442822.0,0,1,0.0002845916225804992,0.00044948905992307054
16.09999999999996,0.1,6.267921246003355,9.96306738385744,1,0,446606.0,0,1,6.091173028238137e-6,2.9689225348851873e-5
2.3000000000000007,0.1,4.8556821857550485,5.097231441145706,1,0,447425.0,1,1,0.07551692283696813,0.013986388277861654
8.599999999999985,0.1,3.221503632643319,5.578342601398994,1,0,447707.0,0,1,1.4225243628356203e-7,3.8070020539461075e-7
2.9000000000000012,0.1,2.95049429848261,8.099469741945251,1,1,451684.0,1,1,0.4392918425638788,0.14356334885455624
4.899999999999999,0.1,5.23733466679331,5.405957097324229,1,0,451689.0,1,1,0.06099619545154504,0.027006954306672906
3.3000000000000016,0.1,3.2974717118477423,9.378746751767093,1,1,456010.0,1,1,0.01635793542694114,0.007215815098462571
3.800000000000002,0.1,3.520006284278219,8.486952078964233,1,0,459137.0,0,1,0.19694941429275353,0.12906539262019345
3.800000000000002,0.1,2.2422130909641314,9.986499096270492,1,1,460522.0,1,1,0.0868756837165811,0.14100473227336538
8.199999999999987,0.1,9.993753120536889,8.223533269462234,1,0,460530.0,0,1,0.00264408462405224,0.001519835498234464
3.900000000000002,0.1,3.910334615942143,8.014175010139533,1,1,462476.0,1,1,4.4280903354804045e-7,1.789199331351682e-7
3.4000000000000017,0.1,2.6390540361153065,6.940112716138092,1,1,462530.0,1,1,2.4238618965834013e-9,2.4264703498974924e-9
4.100000000000001,0.1,4.448605461401757,5.773702051943939,1,0,467169.0,1,1,8.667039177344178e-5,3.3269224010287326e-5
4.100000000000001,0.1,4.986853368842156,5.610103207374686,1,0,471422.0,0,1,0.000734907883548237,0.00025331517014607404
9.199999999999983,0.1,9.733038454550307,9.90978213485882,1,0,475965.0,0,1,0.6151916550384692,0.45281812921316444
7.699999999999989,0.1,5.1304697225269535,5.235074357153239,1,0,478058.0,0,1,0.0012833921564440003,0.002673292772678751
15.299999999999962,0.1,5.708259970844766,9.735336796185404,0,0,482054.0,0,1,0.007042070373944808,0.03298587321692277
4.000000000000002,0.1,3.7319155975049534,6.529669369111502,1,0,500101.0,0,1,0.0014988692579488787,0.0009953360963983115
9.099999999999984,0.1,3.5204318594699884,5.767015564408409,1,0,509353.0,0,1,4.5783338812288316e-5,0.00012736383573470192
4.4,0.1,5.922177383187544,7.496285720036818,1,0,511885.0,1,1,2.5920561830841855,0.8633531923168383
1.9000000000000006,0.1,4.858748358718928,7.39771757537917,1,0,511886.0,1,1,0.1592124936370837,0.025940017001863123
9.89999999999998,0.1,13.057215626349144,6.758800424180445,1,0,519780.0,0,1,0.00026023776881324795,0.00016198068062147822
5.1999999999999975,0.1,6.333521444964957,6.9248232449363565,1,0,521766.0,1,1,1.9151575213110147e-6,7.779367260527044e-7
4.300000000000001,0.1,2.8345424850994383,6.328094288361675,0,1,525601.0,1,1,2.9569783739680206e-8,4.379709733913085e-8
7.899999999999988,0.1,9.132475926338458,7.150462423746839,1,0,528601.0,0,1,9.503464928133792e-6,5.590325944993622e-6
2.800000000000001,0.1,3.0605367377585986,9.705155562643302,1,0,535877.0,0,1,0.47422062866405124,0.14115650900675747
4.5,0.1,5.775546365491601,8.221624155704374,1,0,537428.0,1,1,0.0026634563390151456,0.0009347419280840834
4.5,0.1,4.507288660065037,9.636539505544373,1,1,542819.0,1,1,7.47712336106695e-22,3.3488973018447386e-22
4.200000000000001,0.1,5.726159284558348,6.990048011724812,1,0,544145.0,1,1,0.09558098573106755,0.03057798191843389
7.999999999999988,0.1,5.138818455189254,7.556426716778445,1,0,544151.0,0,1,0.00012953396748057087,0.0003203484320417764
6.999999999999991,0.1,4.463862007830599,7.088265768624218,1,0,547033.0,0,1,0.5185175934051236,1.1662186229621547
8.599999999999985,0.1,8.403817263402642,7.967675291474409,1,0,547699.0,0,1,0.015864950186103066,0.014586782100276124
10.09999999999998,0.1,3.571268846025782,6.69693551054535,0,0,553506.0,0,1,2.1111723456979018e-5,6.83451392128996e-5
5.299999999999997,0.1,5.449958365829699,9.609071162062648,1,0,561256.0,1,1,0.6805328074717748,0.33358603839171075
2.500000000000001,0.1,5.332311413196871,6.490255145604858,1,0,564158.0,1,1,0.36280869261147575,0.06954724056961352
6.699999999999992,0.1,5.855594665371973,9.943576787201746,1,1,564927.0,1,1,1.8878300553244458e-6,2.5424437975097533e-6
5.399999999999997,0.1,7.696001010052346,8.99814596804875,1,0,566890.0,1,1,0.05998647597001937,0.022044190864495036
4.4,0.1,6.401598017470856,9.032374077548534,1,0,568256.0,0,1,0.4214172248814158,0.1328231915604628
6.099999999999994,0.1,5.662206797368632,7.93724208964759,1,1,572897.0,1,1,0.25667548486326464,0.25204568568860547
12.99999999999997,0.1,12.16368565495331,6.544293815547676,1,1,573843.0,1,1,0.6496136360420884,1.145042940819469
8.099999999999987,0.1,8.277262124088182,6.981642735905229,1,0,577323.0,1,1,0.0006257811103188038,0.00043220730098593143
6.099999999999994,0.1,5.705557035073036,5.263508143910393,1,1,579640.0,1,1,0.0679484780105349,0.06030722677061989
4.300000000000001,0.1,3.4545302753566083,6.242378372616212,0,1,579667.0,1,1,0.00045724322381964524,0.000514100160006537
2.500000000000001,0.1,5.5812849338632295,5.002265174731094,1,0,580139.0,1,1,0.5674868719809122,0.10726401131189027
4.5,0.1,6.321244983057887,5.334628284246392,1,0,609217.0,0,1,0.0018476731449591007,0.0006055307860729072
5.599999999999996,0.1,4.778952000711961,6.200004902372856,1,1,612533.0,1,1,7.640063213259234e-6,9.328292787520704e-6
14.399999999999965,0.1,8.110141410897004,8.072659342385831,1,0,614138.0,0,1,0.01055100793527829,0.040527189353090756
2.2000000000000006,0.1,1.9567186787173183,8.445808299413962,0,1,631321.0,1,1,2.9438767113828954e-11,1.5814181447803344e-11
5.299999999999997,0.1,4.52206692888186,7.602244361464093,1,1,631323.0,1,1,1.0729966315377647e-10,1.2299156178838258e-10
5.1999999999999975,0.1,9.786463059509142,5.947927068151518,1,0,633875.0,0,1,2.379202143759874e-17,7.22301979938312e-18
4.300000000000001,0.1,3.871734436646469,9.979648308340492,1,1,635694.0,1,1,0.00011331176625732694,9.73197608099415e-5
7.099999999999991,0.1,6.033994908076676,6.887377032871801,1,0,636563.0,0,1,3.869955645711192e-11,5.6832770873984245e-11
7.19999999999999,0.1,3.6957212820221836,7.986061966160688,1,0,641386.0,0,1,1.9444610278877374e-17,5.323715981877005e-17
2.700000000000001,0.1,4.037807161129735,6.197876929208417,1,0,642061.0,0,1,0.002423356382378184,0.0005615790812965558
8.199999999999987,0.1,5.264254950873543,6.457750412933939,1,0,642278.0,0,1,0.00044936120384595087,0.0010858659067956424
4.799999999999999,0.1,6.175053407877537,9.112285245020516,1,0,643565.0,0,1,0.023525684912265803,0.008614828394559983
11.199999999999976,0.1,6.751205002402329,9.039345056416087,1,0,646526.0,0,1,0.08789269477973252,0.30093306766761374
3.800000000000002,0.1,2.96644800299571,7.375911370669424,1,1,646905.0,1,1,0.06419461456297505,0.07116499210956087
2.800000000000001,0.1,3.145352995892633,5.856692751427301,1,0,646905.0,1,1,0.00025710155351453366,7.462932009734641e-5
11.099999999999977,0.1,3.940314880755208,7.317000719583074,0,0,646909.0,0,1,1.3607984239068265,4.782282532334901
4.100000000000001,0.1,3.111865760944865,9.376586453898323,1,1,651326.0,1,1,1.1596102511548314,1.4187516454981628
3.800000000000002,0.1,6.15841661641434,7.201640697486623,1,0,651329.0,1,1,0.012146641436522197,0.0032693791233313566
8.599999999999985,0.1,8.005703418507933,7.8588240258204465,1,1,660418.0,1,1,0.9090603522746893,1.1270874145176384
4.200000000000001,0.1,7.218318330453756,5.482165177231803,1,0,660422.0,1,1,0.12019117203941876,0.03332978824618665
6.299999999999994,0.1,3.8112974437886247,6.473018789015104,1,1,660424.0,1,1,0.11424687280985885,0.23791269150243718
2.500000000000001,0.1,2.3067393636166766,9.498370672911852,1,1,663934.0,1,1,3.120609297750791,1.495037376018319
10.29999999999998,0.1,3.4948629907249713,7.527268834261209,1,0,664722.0,0,1,0.00018128612835334476,0.0006400800283003428
4.300000000000001,0.1,8.184097705327233,7.996249835587493,1,0,675385.0,0,1,0.0011321486355633434,0.00030315838252517786
8.999999999999984,0.1,3.600012216811499,5.588254890724965,0,0,675390.0,0,1,0.013271791131870605,0.03574570789567346
5.4999999999999964,0.1,5.2808805657676885,5.023044241853624,1,0,675864.0,0,1,0.00010190458431748108,7.806395951895251e-5
4.300000000000001,0.1,3.066118492724369,6.120811665894922,1,0,676763.0,0,1,0.00021016635479827474,0.0002877210014633075
17.999999999999986,0.1,11.797327348898616,6.401364713529833,1,0,676777.0,0,1,1.6692310774176917e-6,6.210796398099459e-6
4.699999999999999,0.1,3.4633705660323604,9.688325896453573,1,1,676932.0,1,1,3.1555689559392564e-15,4.6891120681058115e-15
8.799999999999985,0.1,8.937333716823245,8.438319073950147,1,0,680435.0,1,1,5.399377345665707e-5,4.0260909469210415e-5
5.299999999999997,0.1,4.413899164124605,5.991358616739096,1,0,688096.0,0,1,0.001211136167694095,0.0014369886863736991
7.39999999999999,0.1,6.34901490263391,6.358372505266013,1,0,688953.0,0,1,2.0248355580313907e-6,2.995174921870797e-6
8.799999999999985,0.1,10.217924457191415,8.945418260525681,1,0,698807.0,1,1,3.0935390365753115,1.9772898910759487
7.799999999999988,0.1,4.447876794517419,8.926078770794842,1,0,702331.0,0,1,0.0001578207518981479,0.0004394050909256953
2.9000000000000012,0.1,3.574613358889119,5.9015868667485725,1,0,702851.0,0,1,0.03974442268616599,0.01089782495302767
6.999999999999991,0.1,5.512325842993702,9.512831884511833,1,0,710104.0,0,1,0.05778728530544128,0.10260767482023621
11.099999999999977,0.1,5.364074389049244,5.87506021763308,1,0,711913.0,0,1,5.57130724248279e-7,1.673639618643986e-6
3.600000000000002,0.1,7.202345696874353,8.78252812632141,1,0,716863.0,1,1,0.0002556619345968286,6.040517858984603e-5
4.200000000000001,0.1,4.659427040459752,7.406406088692839,1,0,721700.0,0,1,2.2538161206629175,0.8601393942460608
3.1000000000000014,0.1,4.1309087012088925,7.661686004936582,1,0,721703.0,0,1,0.013914292786757917,0.003745734054774864
9.199999999999983,0.1,8.659724295620483,6.368312976369554,0,1,734452.0,1,1,6.605831629344963e-5,8.407372565253576e-5
3.0000000000000013,0.1,3.994180326479501,9.917263238196604,1,0,735226.0,0,1,0.6718532568299935,0.17754009310764188
4.200000000000001,0.1,3.2245598718293405,7.468147992604822,1,0,738871.0,0,1,0.021783243136476373,0.026219416975834374
5.299999999999997,0.1,6.920672506067553,5.572512729179079,1,0,746014.0,0,1,0.0002512697440681964,9.746514490756658e-5
3.800000000000002,0.1,2.9726449883849977,8.381744047565753,0,1,746116.0,1,1,1.2146888232577003e-9,1.3628161624541211e-9
3.4000000000000017,0.1,3.393228720717948,7.773424827128417,1,1,746441.0,1,1,0.059974928138563366,0.026888349103674304
3.3000000000000016,0.1,3.7369567474632714,8.253851868871394,1,0,747539.0,0,1,1.35487574625944e-6,4.319684386984181e-7
16.89999999999997,0.1,7.885730737021213,9.205683443215209,0,0,761620.0,0,1,1.3880425433803345e-8,6.473364430549323e-8
6.8999999999999915,0.1,3.942776116014922,9.750112815720758,1,0,768228.0,0,1,3.045747639400743e-7,7.948340644147754e-7
4.999999999999998,0.1,4.5274090399668125,8.667464527609832,0,1,770320.0,1,1,0.6100211607283035,0.5524664493888518
5.299999999999997,0.1,4.955123466184982,8.333070011329971,1,0,776272.0,0,1,2.927455798147616,2.4734617340513982
6.399999999999993,0.1,6.14718816822184,5.41529187991695,0,1,776274.0,1,1,4.059952705358824e-5,3.383753599407545e-5
8.699999999999985,0.1,3.3445576507990076,5.479730758472395,0,0,776281.0,0,1,5.521292834025976e-8,1.474350193361455e-7
3.4000000000000017,0.1,6.683364163926947,6.882828383709414,1,0,780628.0,1,1,0.04795512567915797,0.011054603303243128
5.099999999999998,0.1,6.773446372545869,5.189943217902431,1,0,781756.0,0,1,0.3095268954803959,0.1152548401069753
3.600000000000002,0.1,2.294611627835705,9.551090144589796,1,0,781979.0,0,1,0.00038435799577207904,0.0005669916485446495
8.099999999999987,0.1,7.4088920451355795,8.755859735169405,1,0,785015.0,0,1,0.12500411783229767,0.16078305333512027
8.899999999999984,0.1,8.806548864958387,5.13860345502592,1,0,790543.0,0,1,2.696642479075132e-26,2.299539693016169e-26
6.8999999999999915,0.1,3.6811917007113504,9.923107101877148,1,1,799458.0,1,1,4.788233974411688e-10,1.3268925251613403e-9
4.200000000000001,0.1,4.111721289687846,9.642076293506946,1,1,800179.0,1,1,3.0766618772646915e-8,1.5834109829289013e-8
5.4999999999999964,0.1,5.099263135717057,6.090540664697778,1,0,809823.0,0,1,0.0265035208570777,0.02460729118242288
3.1000000000000014,0.1,3.621168596742878,7.002607160876558,1,0,815878.0,1,1,0.0015848737064490387,0.00047270218546399987
7.19999999999999,0.1,11.983204488880032,9.165862646332723,1,0,821176.0,1,1,3.596498150287131e-6,1.4662809204373077e-6
6.299999999999994,0.1,5.972886887198277,5.167028215926418,1,1,830071.0,1,1,0.010816726564641117,0.00976429532211584
3.3000000000000016,0.1,4.191527644876137,9.759887394855792,1,0,843796.0,0,1,1.7924678976116446e-12,5.188960589385842e-13
5.799999999999995,0.1,5.597927401718868,6.354259095527393,1,1,857241.0,1,1,0.0025993416423437605,0.002059555769073691
5.299999999999997,0.1,4.877234471392203,5.289476617653316,1,0,859936.0,0,1,0.00028866907502482275,0.00026162257028076357
5.299999999999997,0.1,3.468141031922885,8.19904851674892,1,0,863581.0,0,1,0.0002601181009121837,0.00048406563277448217
10.999999999999977,0.1,2.971274748521543,8.209071859275621,0,0,863583.0,0,1,2.251292775771174,8.685309904139782
9.399999999999983,0.1,9.383669422446143,9.929619112046517,1,1,875028.0,1,1,0.813894681529438,0.720632019222245
5.4999999999999964,0.1,5.030735665322087,8.99144150243811,1,1,875033.0,1,1,4.1568691346652585e-7,3.920913059046451e-7
4.899999999999999,0.1,4.818793068311539,6.163018496176495,1,0,875317.0,0,1,1.4631564488487045e-11,8.233623310529298e-12
2.9000000000000012,0.1,3.336311472082208,8.392582013785297,1,0,880112.0,1,1,0.09558772362026648,0.027743421778226
8.999999999999984,0.1,2.5292121736522035,6.625076804800774,1,0,880616.0,0,1,0.0018598447775358918,0.0057641200595890014
6.8999999999999915,0.1,10.387910369387045,5.16896302501458,1,0,887054.0,0,1,1.408839093807891e-6,5.945793334497174e-7
2.500000000000001,0.1,3.1853133453293445,6.191287637519852,1,0,889196.0,1,1,1.8088282485080063e-8,4.449887506968477e-9
4.4,0.1,4.701921591271496,5.5047296074084775,1,0,892787.0,1,1,0.07051378863198787,0.028897665084594754
7.599999999999989,0.1,7.127193764743735,6.8324234509110395,1,1,892790.0,1,1,0.014542223291058297,0.01576619776423466
4.6,0.1,2.5659347546321407,8.163404809822058,1,0,896794.0,0,1,0.0029446512157538978,0.005639800395631216
5.799999999999995,0.1,6.755430959942618,9.959085480637437,1,0,896968.0,0,1,0.0017562973647046996,0.0008062862020665588
11.099999999999977,0.1,12.518921919942173,5.910529338784171,1,0,900987.0,0,1,0.12146258260791935,0.09733295402909892
4.100000000000001,0.1,3.9422497094685838,5.31611119678876,1,1,903699.0,1,1,0.2955174331757121,0.17308395604101262
6.999999999999991,0.1,10.54266551087829,5.574892336032107,1,0,911015.0,1,1,0.19322998318995346,0.08240636829954467
2.2000000000000006,0.1,4.132957821329172,7.126894687068235,1,0,920759.0,0,1,4.461671524589538e-13,8.428582163538328e-14
9.699999999999982,0.1,7.741593310308446,8.703199078962543,1,0,927960.0,0,1,0.189948787843935,0.42740594875867993
4.899999999999999,0.1,4.33464936470471,8.17197384053841,1,1,930653.0,1,1,0.00012159884308252575,0.00011845556986229906
13.199999999999969,0.1,7.19552174642631,6.138522297339989,1,0,938038.0,0,1,1.0591159585532788e-5,3.472584683904925e-5
10.999999999999977,0.1,4.092771668681753,7.0188887952454015,1,0,941574.0,0,1,6.571831023800771e-14,2.2621277849283955e-13
12.099999999999973,0.1,3.2184791158931936,9.217586533456332,1,0,944989.0,0,1,0.023106563172723315,0.09833441014064054
7.899999999999988,0.1,5.093766084123676,5.272737714095085,1,0,946764.0,0,1,2.7893897248712035e-7,6.187353680346593e-7
3.600000000000002,0.1,3.430494411702973,7.3771449144477765,1,0,958914.0,0,1,0.5747308917376787,0.3185139987153299
3.1000000000000014,0.1,3.1247026523353285,5.793784672784846,0,1,964214.0,1,1,0.010481883365328763,0.00360983678378401
4.200000000000001,0.1,4.468575265022478,7.637571448062034,1,0,972376.0,1,1,0.29628785359900855,0.11805492056908305
10.09999999999998,0.1,4.955029536907541,5.250615922819664,0,0,974827.0,0,1,2.501668548165628e-10,6.747177239182085e-10
3.1000000000000014,0.1,7.590287438907225,7.260617353459965,1,0,983829.0,0,1,2.0773746794911414,0.4235386765312245
8.799999999999985,0.1,8.553577460461831,7.382470286634598,1,0,983834.0,0,1,0.009561531289716632,0.009695916471688118
4.5,0.1,5.32349282886928,8.076792183640114,1,0,988943.0,1,1,0.0033392082268712702,0.0012572242155031359
4.000000000000002,0.1,3.867245258723756,7.053549633856212,1,1,990815.0,1,1,0.34449786258780546,0.19994009211954233
7.19999999999999,0.1,6.362597323585047,9.921192868194726,1,1,995117.0,1,1,7.636954070785241e-12,1.0563389595267384e-11
