exposure_days,days_in_quar,days_in_extended_quar,days_in_iso,t_latent,t_incubation,t_post_incubation,time_discharged,index_case,symptomatic,vaccinated,compliance,FoI_max,FoI_community
1.7000000000000004,4.000000000000002,0.0,9.99999999999998,0.1,8.3564398305818,8.986337796394123,1093.0,1,0,1,1.0,0.039999657263343306,0.011817715193606871
0.5,4.000000000000002,0.0,9.99999999999998,0.1,8.822325515318836,8.780820421208318,1163.0,1,1,1,1.0,0.04216077768070587,0.003188538974351967
0.1,4.000000000000002,0.0,9.99999999999998,0.1,6.459537505120881,7.888360078889493,2790.0,1,0,1,1.0,4.967976543736889e-6,7.141077807278519e-8
1.4000000000000001,4.000000000000002,0.0,9.99999999999998,0.1,8.65508295109928,6.996432677271757,3557.0,1,1,1,1.0,0.011563360859644123,0.002847217691162688
0.2,4.000000000000002,0.0,9.99999999999998,0.1,8.56392162013849,7.700630161084727,6983.0,1,1,1,1.0,3.5815124441529456e-7,1.0504796878659511e-8
0.9999999999999999,4.000000000000002,0.0,9.99999999999998,0.1,5.055982889451823,9.952843903733477,12035.0,1,1,1,1.0,0.0015353203930065125,0.00024387598850085485
1.0999999999999999,4.000000000000002,0.0,9.99999999999998,0.1,5.983634887993744,9.584580735705455,19854.0,1,1,1,1.0,0.0005945904181053044,0.0001037201754777985
1.5000000000000002,4.000000000000002,0.0,9.99999999999998,0.1,8.349263807832724,9.730561388312005,21165.0,1,1,1,1.0,1.729010813415864,0.433249451936738
0.6,4.000000000000002,0.0,9.99999999999998,0.1,7.916153235752465,9.365673074264013,21767.0,1,1,1,1.0,0.008170285068565049,0.0007396214857828152
0.5,4.000000000000002,0.0,9.99999999999998,0.1,8.478077778138237,9.986921865543586,24050.0,1,1,1,1.0,1.673063457844004e-7,1.2655894958478485e-8
1.2,4.000000000000002,0.0,9.99999999999998,0.1,10.622546557503346,9.80629468041914,25274.0,1,1,1,1.0,7.74144634317742e-15,1.5103511315403018e-15
0.4,4.000000000000002,0.0,9.99999999999998,0.1,6.5554280005270025,9.715394022500893,28555.0,1,1,1,1.0,1.249539886010013e-11,7.3739480600573e-13
0.5,4.000000000000002,0.0,9.99999999999998,0.1,7.420796028593662,7.7900957299477716,37468.0,1,1,1,1.0,4.728541041091997e-8,3.5967385438650538e-9
0.30000000000000004,4.000000000000002,0.0,9.99999999999998,0.1,4.787659581512397,9.96867622415323,41989.0,1,1,1,1.0,1.216956004186026,0.05370691839559803
3.5000000000000018,13.999999999999966,0.0,0.0,0.1,8.309835698856647,9.64026376624768,42558.0,1,0,1,1.0,0.002534079130829343,0.0018310259150319606
0.1,4.000000000000002,0.0,9.99999999999998,0.1,16.002484774701088,7.321841468085126,43884.0,1,1,1,1.0,7.662655754585253e-6,1.0979229224055416e-7
1.9000000000000006,4.000000000000002,0.0,9.99999999999998,0.1,7.606357289508164,9.55996395190316,44226.0,1,1,1,1.0,0.005242649984858888,0.0017452089003049986
0.9999999999999999,4.000000000000002,0.0,9.99999999999998,0.1,10.60482010569337,8.67195241608204,46859.0,1,0,1,1.0,7.933520605481088e-23,1.260576418367181e-23
0.5,4.000000000000002,0.0,9.99999999999998,0.1,6.320595633550721,8.732155207853701,47395.0,1,0,1,1.0,2.249067518538058,0.1684364025710542
0.5,4.000000000000002,0.0,9.99999999999998,0.1,5.523769647388004,9.029727624402565,49260.0,1,1,1,1.0,0.06196896123601944,0.0046277135872775585
0.9999999999999999,4.000000000000002,0.0,9.99999999999998,0.1,11.451122669301323,6.742204711382267,51451.0,1,1,1,1.0,6.665725358570497e-12,1.1137427252566936e-12
1.7000000000000004,4.000000000000002,0.0,9.99999999999998,0.1,9.567195641749569,9.639532004076052,62313.0,1,1,1,1.0,4.696334386741397e-13,1.3554452439584504e-13
3.3000000000000016,4.000000000000002,0.0,9.99999999999998,0.1,11.170845875956159,9.790330854015354,62492.0,1,1,1,1.0,0.05819739229163504,0.03869264233001292
0.1,4.000000000000002,0.0,9.99999999999998,0.1,8.351428221673272,8.23654919031115,65619.0,1,1,1,1.0,0.026142822597687094,0.00037783119841028307
1.7000000000000004,4.000000000000002,0.0,9.99999999999998,0.1,7.646549200494031,9.269418749550505,65802.0,1,1,1,1.0,0.00017609620144416928,5.1802978232187653e-5
2.0000000000000004,4.000000000000002,0.0,9.99999999999998,0.1,8.56905563171733,9.149796305901667,70837.0,1,1,1,1.0,6.3804044039142e-7,2.2929141046057588e-7
0.5,13.999999999999966,0.0,0.0,0.1,10.904630356333858,7.437816834202343,72735.0,1,0,1,1.0,1.1610579497272367e-6,8.830081417003803e-8
3.0000000000000013,4.000000000000002,0.0,9.99999999999998,0.1,7.686873246438331,9.682772659637902,73920.0,1,1,1,1.0,1.7681616721598022e-6,1.029583743278666e-6
0.1,4.000000000000002,0.0,9.99999999999998,0.1,13.504033825495174,9.171201070407639,78781.0,1,1,1,1.0,7.254222766595767,0.10463135105656224
0.2,4.000000000000002,0.0,9.99999999999998,0.1,5.124659722870134,9.1349356795128,80852.0,1,1,1,1.0,0.2497899954963441,0.007239721528849841
0.9999999999999999,4.000000000000002,0.0,9.99999999999998,0.1,6.906422706141002,6.9197923611979455,81425.0,0,1,1,1.0,0.00012014675224406315,1.9687417529950924e-5
1.4000000000000001,4.000000000000002,0.0,9.99999999999998,0.1,7.972181714706648,9.49154197285068,83297.0,1,1,1,1.0,0.3619199686554452,0.08437185670561116
1.3,4.000000000000002,0.0,9.99999999999998,0.1,8.336092982060602,7.776563419465593,83336.0,1,1,1,1.0,0.0015897549474790395,0.00034859316915541983
0.6,4.000000000000002,0.0,9.99999999999998,0.1,6.028832750189432,8.70193947296765,85721.0,1,1,1,1.0,2.800852074431909e-8,2.572984519959914e-9
7.699999999999989,13.999999999999966,0.0,0.0,0.1,18.801600276918865,5.7634880283652326,92622.0,1,1,1,1.0,0.0001571742251295454,0.0004351656161361508
0.6,4.000000000000002,0.0,9.99999999999998,0.1,8.703254389014965,6.184522020664715,100004.0,1,1,1,1.0,0.08461954754916337,0.007990893151574145
0.4,4.000000000000002,0.0,9.99999999999998,0.1,5.562798829500983,9.170656462164033,101750.0,1,1,1,1.0,3.3125735523042102e-6,1.976267227128345e-7
1.4000000000000001,4.000000000000002,0.0,9.99999999999998,0.1,8.255437203960874,7.7915761192053115,104631.0,1,1,1,1.0,0.00039419022496863724,9.485919161712849e-5
0.4,4.000000000000002,0.0,9.99999999999998,0.1,6.358202904536997,8.632161577728304,109425.0,1,1,1,1.0,2.870117992469923e-6,1.7132975903003998e-7
7.699999999999989,13.999999999999966,0.0,0.0,0.1,5.449020085479186,5.450272496408214,114539.0,0,1,1,1.0,0.008305179195188351,0.021427657140822794
1.6000000000000003,4.000000000000002,0.0,9.99999999999998,0.1,7.4269703205760855,8.174411164856473,115321.0,1,1,1,1.0,7.068722412854229e-6,1.9899816251164744e-6
2.700000000000001,4.000000000000002,0.0,9.99999999999998,0.1,10.751807119700254,8.81981443159507,115325.0,1,1,1,1.0,0.002213388907643736,0.0011665225595782994
1.6000000000000003,4.000000000000002,0.0,9.99999999999998,0.1,8.621358183775298,7.928868629285608,116950.0,1,1,1,1.0,4.922097866866485e-6,1.3846730075955324e-6
0.8999999999999999,4.000000000000002,0.0,9.99999999999998,0.1,5.918311769549549,9.92954509626518,120341.0,1,1,1,1.0,6.4434966574959914e-6,9.141253628469209e-7
0.7,4.000000000000002,0.0,9.99999999999998,0.1,10.10598410772105,6.12762177703973,121475.0,1,1,1,1.0,0.17527899632059724,0.019843991497491595
1.5000000000000002,13.999999999999966,0.0,0.0,0.1,7.8573079471994625,7.821433279176322,121913.0,1,0,1,1.0,0.16689671283449148,0.04291398718944802
0.30000000000000004,4.000000000000002,0.0,9.99999999999998,0.1,8.349209364906569,9.261483637382216,122405.0,1,1,1,1.0,3.432051672932276,0.15268637656655829
2.700000000000001,4.000000000000002,0.0,9.99999999999998,0.1,13.53784621108403,7.49856897519543,131762.0,1,1,1,1.0,1.2583051169471178,0.7085031211238838
2.3000000000000007,4.000000000000002,0.0,9.99999999999998,0.1,7.763678657218006,9.862923702714525,131770.0,1,0,1,1.0,1.5638959492257456e-9,6.546811132979484e-10
2.800000000000001,4.000000000000002,0.0,9.99999999999998,0.1,14.870479934010506,7.283654058381535,134806.0,1,1,1,1.0,0.00025489152690323684,0.0001496924425664448
1.0999999999999999,4.999999999999998,13.999999999999966,0.0,0.1,7.874464941756305,7.433008650296236,137100.0,0,0,1,1.0,0.3185825600545088,0.05737215910688284
1.2,4.000000000000002,0.0,9.99999999999998,0.1,6.51265613503974,9.353461007720588,143755.0,1,1,1,1.0,2.4853123789596996e-11,4.831684471559357e-12
1.3,4.000000000000002,0.0,9.99999999999998,0.1,14.73315267068779,7.686048197369182,144880.0,1,1,1,1.0,0.12258585509694266,0.027130613679413888
1.6000000000000003,0.9999999999999999,4.000000000000002,9.99999999999998,0.1,6.1747291062478284,9.553519194787803,146238.0,0,1,1,1.0,0.025390913479996897,0.006830559856909554
2.600000000000001,4.000000000000002,0.0,9.99999999999998,0.1,7.775103334212236,8.91663844427761,151406.0,1,1,1,1.0,8.453368059268217e-9,4.225944396539688e-9
1.3,4.000000000000002,0.0,9.99999999999998,0.1,9.599306959924352,8.152536235615045,152817.0,1,1,1,1.0,1.1999841602020173e-19,2.6049912128826308e-20
0.1,4.000000000000002,0.0,9.99999999999998,0.1,6.15838207153084,9.031196606077126,155309.0,1,1,1,1.0,1.4514192397685395,0.020972179124018803
1.5000000000000002,4.000000000000002,0.0,9.99999999999998,0.1,6.888635283099946,9.785367732937154,156251.0,1,0,1,1.0,0.02442369156252023,0.006069694408381224
1.2,4.000000000000002,0.0,9.99999999999998,0.1,7.941454474419868,7.311388264040367,164270.0,1,1,1,1.0,4.174171109718442e-6,8.514924077394588e-7
0.9999999999999999,13.999999999999966,0.0,0.0,0.1,8.131594206711043,7.765949455474043,164924.0,1,0,1,1.0,0.09505530718886157,0.015622131586531227
1.0999999999999999,4.000000000000002,0.0,9.99999999999998,0.1,11.226397509698902,8.934372587153304,168596.0,1,1,1,1.0,0.03233557456793137,0.005699389198569933
0.1,4.000000000000002,0.0,9.99999999999998,0.1,9.521968979089577,6.9667642268106045,169876.0,1,0,1,1.0,0.006783636169601715,9.710060505789839e-5
0.9999999999999999,4.000000000000002,0.0,9.99999999999998,0.1,10.237934868988567,7.240092037907392,172175.0,1,1,1,1.0,0.20366058857118252,0.033660636655012614
0.8999999999999999,4.000000000000002,0.0,9.99999999999998,0.1,8.398550931677507,8.637120848889369,177424.0,1,1,1,1.0,0.009007037428896353,0.0012734113659928219
3.800000000000002,4.000000000000002,0.0,9.99999999999998,0.1,9.945519525303428,9.369615997779919,178098.0,1,1,1,1.0,3.1561260539398893e-9,2.607872215823187e-9
1.7000000000000004,4.000000000000002,0.0,9.99999999999998,0.1,7.439854655398748,8.45357909553369,178933.0,1,0,1,1.0,0.0007126645231000996,0.00021191181359573138
0.1,4.000000000000002,0.0,9.99999999999998,0.1,5.206060198604671,9.301190532531637,181728.0,1,1,1,1.0,0.13215687749888744,0.001889686349049653
0.5,4.000000000000002,0.0,9.99999999999998,0.1,5.343153388253026,9.306853362485437,182246.0,1,1,1,1.0,0.018994861333205874,0.0014381527757078912
2.600000000000001,4.000000000000002,0.0,9.99999999999998,0.1,7.028141096419307,9.811379485651628,186943.0,1,1,1,1.0,1.0752853907805195,0.5200058594265287
2.2000000000000006,4.000000000000002,0.0,9.99999999999998,0.1,10.93505046352952,8.490287820490948,188056.0,1,1,1,1.0,0.00020920086053541941,8.488728830328758e-5
2.600000000000001,4.000000000000002,0.0,9.99999999999998,0.1,13.571453538320005,7.678595559449446,190479.0,1,1,1,1.0,1.1642170016003911e-7,6.155698579563196e-8
1.7000000000000004,4.000000000000002,0.0,9.99999999999998,0.1,6.38713831010801,9.640939982517487,190801.0,1,1,1,1.0,0.0009638162408085986,0.0002764627455903567
2.2000000000000006,4.000000000000002,0.0,9.99999999999998,0.1,14.03711460144284,9.090716173640729,190912.0,1,1,1,1.0,0.03121494026697066,0.012504279154495892
1.0999999999999999,4.000000000000002,0.0,9.99999999999998,0.1,6.46920212636386,8.968214888515366,191168.0,1,1,1,1.0,0.02088269352195941,0.003685337678024401
1.2,4.000000000000002,0.0,9.99999999999998,0.1,6.892659634585917,9.01147622930021,193148.0,1,0,1,1.0,0.02214942194463111,0.004352406409432149
0.30000000000000004,4.000000000000002,0.0,9.99999999999998,0.1,5.5927251405461424,8.725010518343755,193830.0,1,1,1,1.0,3.208203586771555e-5,1.437006261665498e-6
0.30000000000000004,4.000000000000002,0.0,9.99999999999998,0.1,5.192715290930522,9.219132273724199,194544.0,1,0,1,1.0,0.00510057215733084,0.0002264264214196372
0.5,4.000000000000002,0.0,9.99999999999998,0.1,6.96474442014622,9.039742377209183,197457.0,1,1,1,1.0,2.735457115169288e-8,2.047583978209281e-9
1.5000000000000002,4.000000000000002,0.0,9.99999999999998,0.1,9.509713871575457,9.850493003818892,205050.0,1,1,1,1.0,1.0156118114032236e-7,2.5441680042938338e-8
1.0999999999999999,4.000000000000002,0.0,9.99999999999998,0.1,7.468696400978265,7.689610090228269,208977.0,1,1,1,1.0,9.376492272525787e-15,1.695828415523387e-15
1.2,4.000000000000002,0.0,9.99999999999998,0.1,8.303312204482355,9.142281478691375,210818.0,1,1,1,1.0,1.3643121293072575,0.2675823567825382
0.5,4.000000000000002,0.0,9.99999999999998,0.1,7.561880220860075,8.553673810797456,213581.0,1,1,1,1.0,0.325989421943879,0.024398596429195563
1.6000000000000003,4.000000000000002,0.0,9.99999999999998,0.1,6.95874392533013,9.895492247515751,219540.0,1,1,1,1.0,4.243825483496827e-5,1.1374758234924068e-5
0.5,4.000000000000002,0.0,9.99999999999998,0.1,7.023553723670093,8.48275708394441,221137.0,1,1,1,1.0,0.011466190365462222,0.0008599351072245988
1.2,4.000000000000002,0.0,9.99999999999998,0.1,9.200780284259514,8.632739765973135,226069.0,1,1,1,1.0,2.1262041649840014e-5,4.1745065138383515e-6
1.2,4.000000000000002,0.0,9.99999999999998,0.1,8.532363006656631,8.333248067067306,227711.0,1,1,1,1.0,0.09272233188932595,0.018409354155830008
1.6000000000000003,4.000000000000002,0.0,9.99999999999998,0.1,8.584783287961502,9.365931329468543,231601.0,1,1,1,1.0,0.01221912695437864,0.0032940439346578624
0.1,4.000000000000002,0.0,9.99999999999998,0.1,9.007712900957253,6.156680228851243,232592.0,1,1,1,1.0,0.11356727287700387,0.0016297792178743158
0.4,4.000000000000002,0.0,9.99999999999998,0.1,6.253656864847786,9.11420929281523,233637.0,1,1,1,1.0,5.086809770710187e-16,3.0414340639367905e-17
0.2,4.000000000000002,0.0,9.99999999999998,0.1,7.807704329229601,6.432912767984052,234776.0,1,1,1,1.0,0.005949719575656534,0.00017658757463409397
0.4,4.000000000000002,0.0,9.99999999999998,0.1,9.943553790651602,8.614635332060434,236192.0,1,1,1,1.0,0.0029222484851740074,0.00017607646892806985
0.6,4.000000000000002,0.0,9.99999999999998,0.1,6.832278216328527,9.828725531255014,240479.0,1,1,1,1.0,0.0679773805107181,0.006164502877746733
0.5,4.000000000000002,0.0,9.99999999999998,0.1,8.227191851868332,9.750408900947303,241483.0,1,1,1,1.0,2.760719287595346,0.2065932035102476
0.2,6.999999999999991,4.000000000000002,9.99999999999998,0.1,5.8899901713815215,9.356495728086266,245091.0,0,1,1,1.0,0.0003005598426896928,8.761958598503516e-6
1.6000000000000003,4.000000000000002,0.0,9.99999999999998,0.1,7.448777968074187,8.7028330854286,245579.0,1,1,1,1.0,0.04787113370263677,0.01310921276689754
0.8999999999999999,12.99999999999997,0.0,9.99999999999998,0.1,18.409756212062565,7.455979296252302,247890.0,1,1,1,1.0,0.010130499329415503,0.0014833363122422054
0.30000000000000004,4.000000000000002,0.0,9.99999999999998,0.1,5.92500960072222,9.018187254695462,251022.0,1,1,1,1.0,6.221316373337528e-9,2.7496954762629656e-10
0.30000000000000004,4.000000000000002,0.0,9.99999999999998,0.1,7.927957380989657,6.751500944378983,261671.0,1,1,1,1.0,0.0077814865295604855,0.00034523506146784454
0.6,4.000000000000002,0.0,9.99999999999998,0.1,5.95344942227188,8.955194114930642,262488.0,1,1,1,1.0,0.005348850045080128,0.0004945045283086505
2.0000000000000004,4.000000000000002,0.0,9.99999999999998,0.1,8.073693442182792,8.949069563892479,263882.0,1,1,1,1.0,8.324996892221385e-10,2.979260628162555e-10
1.4000000000000001,4.000000000000002,0.0,9.99999999999998,0.1,7.200619066355205,8.20035474918225,263941.0,1,0,1,1.0,0.0007673604177120567,0.00018139524711484757
1.5000000000000002,4.000000000000002,0.0,9.99999999999998,0.1,8.38820323447162,8.679928977687247,268285.0,1,1,1,1.0,0.00020184744501700006,5.136278239091155e-5
1.7000000000000004,4.000000000000002,0.0,9.99999999999998,0.1,12.633889806284389,7.691513804932332,274479.0,1,1,1,1.0,0.006855866852954661,0.0020861313965525874
3.600000000000002,4.000000000000002,0.0,9.99999999999998,0.1,10.236529738395738,8.95504196823904,275281.0,1,1,1,1.0,6.206073244214651,4.873871531811297
2.500000000000001,4.000000000000002,0.0,9.99999999999998,0.1,9.554833079293559,9.271573690322086,276530.0,1,0,1,1.0,3.3417680682037387e-6,1.5550952693766523e-6
0.5,4.000000000000002,0.0,9.99999999999998,0.1,8.032781913459099,6.9318948266420755,279432.0,1,1,1,1.0,0.025409792196840413,0.0019419554678837075
0.6,4.000000000000002,0.0,9.99999999999998,0.1,5.195501433100529,9.790062310771656,282104.0,1,1,1,1.0,7.440562633378295e-7,6.770942364436521e-8
0.1,4.000000000000002,0.0,9.99999999999998,0.1,5.939843694795718,8.906429979820661,284222.0,1,0,1,1.0,8.436888342187835,0.12180802456078602
0.9999999999999999,4.000000000000002,0.0,9.99999999999998,0.1,7.024767574191624,8.684273791881825,288013.0,1,1,1,1.0,0.000459721544797262,7.37016557248633e-5
0.4,4.000000000000002,0.0,9.99999999999998,0.1,7.524148562484999,8.054019512383249,291846.0,1,1,1,1.0,0.1981965247736536,0.011866310673288862
2.500000000000001,4.000000000000002,0.0,9.99999999999998,0.1,7.62245697239178,9.28241807110379,293148.0,1,1,1,1.0,0.0560102853683332,0.026373330116677644
0.2,4.000000000000002,0.0,9.99999999999998,0.1,5.003065819120841,9.708310994359257,293438.0,1,1,1,1.0,4.808248606583773e-6,1.3947666546363492e-7
5.799999999999995,13.999999999999966,0.0,0.0,0.1,3.0251408531387978,5.255947142483483,295257.0,0,1,1,1.0,0.0006130584456235762,0.0014071664702901652
0.30000000000000004,4.000000000000002,0.0,9.99999999999998,0.1,8.419358475624561,9.957737468470878,302320.0,1,0,1,1.0,7.955965654600496e-11,3.5313579167931857e-12
2.3000000000000007,4.000000000000002,0.0,9.99999999999998,0.1,8.95512477765016,7.859433429031237,306395.0,1,1,1,1.0,8.671801385699743e-8,3.795994162778932e-8
2.2000000000000006,2.0000000000000004,4.000000000000002,9.99999999999998,0.1,10.00813765571718,6.8496682991876146,306405.0,0,0,1,1.0,0.001386781885327489,0.0006067958755128701
2.2000000000000006,4.000000000000002,0.0,9.99999999999998,0.1,10.519293123480118,8.139635399822133,308049.0,1,1,1,1.0,0.06581013832873155,0.027391236026221736
5.1999999999999975,8.999999999999984,13.999999999999966,0.0,0.1,12.165330799189098,7.075447067642902,312663.0,0,0,1,1.0,3.5929261842742406,5.9181185527739055
16.29999999999996,8.999999999999984,13.999999999999966,0.0,0.1,10.751779181568017,7.4551804792236664,312663.0,0,1,1,1.0,3.111539262144862e-5,0.00012266222553977053
2.1000000000000005,4.000000000000002,13.999999999999966,0.0,0.1,7.963160635552058,8.27638328838157,313480.0,0,0,1,1.0,8.769123541372652e-29,3.3932613038527085e-29
0.4,4.000000000000002,0.0,9.99999999999998,0.1,10.125911576436517,9.610733500887967,317716.0,1,1,1,1.0,9.62414824079717e-5,5.723240447130086e-6
0.30000000000000004,4.000000000000002,0.0,9.99999999999998,0.1,5.7631948711377,8.778930896466147,317985.0,1,1,1,1.0,6.112551064868906e-8,2.733913381594958e-9
4.5,4.000000000000002,0.0,9.99999999999998,0.1,15.121332669477395,9.756685488768532,318266.0,1,1,1,1.0,0.04201746776781023,0.04357730847550784
1.5000000000000002,9.99999999999998,4.000000000000002,9.99999999999998,0.1,6.036549584953563,9.714537539165308,320071.0,0,1,1,1.0,0.048974232734244116,0.01224405959519866
1.3,4.999999999999998,4.000000000000002,9.99999999999998,0.1,6.104769094176554,9.410594919500024,326836.0,0,1,1,1.0,0.007368530161129072,0.0015587866288763914
0.2,4.000000000000002,0.0,9.99999999999998,0.1,9.023960851905596,6.779055334509486,327975.0,1,1,1,1.0,7.646632651994241e-5,2.249125556866823e-6
0.2,4.000000000000002,0.0,9.99999999999998,0.1,6.64925236186581,8.585556090266397,331412.0,1,1,1,1.0,0.00021845374776519792,6.393472650563558e-6
2.500000000000001,4.000000000000002,0.0,9.99999999999998,0.1,9.672854028082584,8.24550313776597,335554.0,1,0,1,1.0,0.1594964948313169,0.07679647540925869
1.6000000000000003,4.000000000000002,0.0,9.99999999999998,0.1,9.065421148328,6.940799797140568,337221.0,1,0,1,1.0,0.00015243924649370604,4.4275943899731995e-5
0.2,4.000000000000002,0.0,9.99999999999998,0.1,5.303135383756722,8.917154223364683,340735.0,1,1,1,1.0,0.09536619318881523,0.002809478675681631
0.8999999999999999,4.000000000000002,0.0,9.99999999999998,0.1,8.592558230747587,7.8345587484726,341239.0,1,1,1,1.0,0.039333622089437484,0.0056984386464331025
0.9999999999999999,4.000000000000002,0.0,9.99999999999998,0.1,10.22635362400718,9.753876685446953,342520.0,1,1,1,1.0,0.45130226929102296,0.07172386514473117
2.500000000000001,13.999999999999966,0.0,0.0,0.1,4.525235801295675,9.90734590426597,344509.0,0,0,1,1.0,8.69308698664713e-5,3.994870138032784e-5
2.500000000000001,4.000000000000002,0.0,9.99999999999998,0.1,8.256341477399225,8.73661560908736,344820.0,1,1,1,1.0,8.709698773658436e-10,4.1959743153661983e-10
13.09999999999997,13.999999999999966,0.0,0.0,0.1,6.676599267236315,7.476353624348996,348410.0,0,0,1,1.0,4.936115757191712,18.225254491688055
0.4,4.000000000000002,0.0,9.99999999999998,0.1,7.108736934920833,9.190509093075292,352187.0,1,1,1,1.0,1.7473680886952625e-7,1.0440799538108775e-8
2.1000000000000005,4.000000000000002,0.0,9.99999999999998,0.1,6.480773162362692,9.956114015753776,354015.0,1,1,1,1.0,3.819268402345146e-10,1.425499282536798e-10
1.7000000000000004,4.000000000000002,0.0,9.99999999999998,0.1,9.852951882349206,7.503162061010189,356814.0,1,1,1,1.0,2.955316981639317e-12,8.986720635864633e-13
1.2,4.000000000000002,0.0,9.99999999999998,0.1,8.089505075086425,7.086355818217541,361701.0,1,1,1,1.0,1.8546926644088322e-20,3.7235064133952014e-21
1.8000000000000005,4.000000000000002,0.0,9.99999999999998,0.1,8.763193349982448,7.741960118850018,361796.0,1,1,1,1.0,1.38201063295357e-6,4.445591749033392e-7
0.8999999999999999,4.000000000000002,0.0,9.99999999999998,0.1,6.021946088023205,9.741833187310972,362679.0,1,0,1,1.0,0.43021233165985684,0.060661992788416386
0.5,4.000000000000002,0.0,9.99999999999998,0.1,8.579315083035342,8.671666661103295,366971.0,1,1,1,1.0,0.0008319677025111312,6.293614593350056e-5
1.3,4.000000000000002,0.0,9.99999999999998,0.1,7.309117785495273,8.917541219115417,367530.0,1,1,1,1.0,0.2934267846619469,0.06321197075475835
2.400000000000001,4.000000000000002,0.0,9.99999999999998,0.1,9.44671536727764,9.069085613266992,368215.0,1,0,1,1.0,1.2386459941338886e-8,5.570928280272492e-9
1.6000000000000003,4.000000000000002,0.0,9.99999999999998,0.1,9.624733125002141,9.412653898200782,370808.0,1,1,1,1.0,0.32311944542239285,0.08832421410731964
0.6,4.000000000000002,0.0,9.99999999999998,0.1,7.63984290332944,9.616199290421463,372987.0,1,1,1,1.0,1.3161483516583334e-6,1.1885955229195338e-7
1.5000000000000002,8.999999999999984,4.000000000000002,9.99999999999998,0.1,6.820000896543542,9.359178174027921,374753.0,0,1,1,1.0,0.18874899310205173,0.04775133991629227
1.7000000000000004,12.99999999999997,0.0,9.99999999999998,0.1,19.52278592421886,6.832120228467512,387167.0,1,0,1,1.0,0.0014834380180476945,0.0004596139913009087
0.4,4.000000000000002,0.0,9.99999999999998,0.1,10.389709509773931,6.722237713101965,388632.0,1,1,1,1.0,4.057591530107544e-5,2.452214567361569e-6
2.0000000000000004,4.000000000000002,4.000000000000002,9.99999999999998,0.1,6.876874635575336,9.897874784741667,390010.0,0,0,1,1.0,5.5870958903178966e-5,1.9651697303733992e-5
1.5000000000000002,4.000000000000002,0.0,9.99999999999998,0.1,8.133073663529679,8.073591055847306,390380.0,1,1,1,1.0,4.2363846914190187e-5,1.1019012116343e-5
0.4,4.000000000000002,0.0,9.99999999999998,0.1,7.113810528311467,9.11641566647108,391337.0,1,1,1,1.0,0.1875470437148991,0.01126588718890288
1.6000000000000003,4.000000000000002,0.0,9.99999999999998,0.1,13.616605841365844,8.92293215640214,392556.0,1,1,1,1.0,0.007363063944176467,0.002019811262972195
0.2,4.000000000000002,0.0,9.99999999999998,0.1,5.271566336856741,9.788297035367268,403300.0,1,1,1,1.0,0.006550424730022249,0.00019215695301732252
0.8999999999999999,4.000000000000002,0.0,9.99999999999998,0.1,11.318320408622212,9.157632574411478,404535.0,1,1,1,1.0,0.01598752622158433,0.002250753751934114
0.6,4.000000000000002,0.0,9.99999999999998,0.1,7.8663107816106965,6.768247093789461,406539.0,1,1,1,1.0,0.08633320245173394,0.00814348385073198
0.30000000000000004,4.000000000000002,0.0,9.99999999999998,0.1,11.108355749566325,7.581929540454576,415486.0,1,0,1,1.0,4.850039956843838e-6,2.1584890688809977e-7
3.4000000000000017,4.000000000000002,0.0,9.99999999999998,0.1,9.564960587336106,9.443296422613772,417245.0,1,1,1,1.0,4.032523489184709e-5,2.8527540664014352e-5
1.7000000000000004,4.000000000000002,4.000000000000002,9.99999999999998,0.1,6.93082460608049,8.828106375179019,421180.0,0,0,1,1.0,0.08803487340959497,0.025987145625335342
0.5,4.000000000000002,0.0,9.99999999999998,0.1,19.663139786194012,6.286028678953977,424019.0,1,1,1,1.0,0.5818532236776968,0.04505901023759018
10.499999999999979,13.999999999999966,0.0,0.0,0.1,2.3797906290720685,8.970337487286994,424153.0,0,1,1,1.0,7.897115497872653e-6,3.1911375506101474e-5
1.4000000000000001,3.0000000000000013,4.000000000000002,9.99999999999998,0.1,6.040502988995379,9.935403659151293,425939.0,0,0,1,1.0,5.774419193865851e-10,1.3354760576165558e-10
0.4,4.000000000000002,0.0,9.99999999999998,0.1,7.152263118570358,9.834488574808471,430402.0,1,1,1,1.0,1.9358316452907556e-5,1.1545787891020585e-6
0.9999999999999999,4.000000000000002,0.0,9.99999999999998,0.1,11.089184502405336,7.853887268360145,430826.0,1,0,1,1.0,1.4215140165367318e-9,2.297008086508748e-10
2.600000000000001,4.000000000000002,0.0,9.99999999999998,0.1,9.558910545367269,9.20354712968615,431648.0,1,0,1,1.0,1.0488714462517992,0.5200360396642911
1.5000000000000002,12.99999999999997,0.0,9.99999999999998,0.1,14.958423466964604,9.86219260417389,432585.0,1,1,1,1.0,0.2981553357875084,0.07370637991922986
1.6000000000000003,4.000000000000002,0.0,9.99999999999998,0.1,7.272965765642194,9.598879603042008,435591.0,1,1,1,1.0,1.5313875154721727e-21,4.167634768120008e-22
0.8999999999999999,4.000000000000002,0.0,9.99999999999998,0.1,9.601013547987307,9.061489914444913,437673.0,1,0,1,1.0,2.42117824278205e-9,3.436732298712226e-10
1.0999999999999999,4.000000000000002,0.0,9.99999999999998,0.1,6.959880845394732,8.249166882684998,437725.0,1,1,1,1.0,0.14606882955391412,0.02628656664281807
0.7,2.0000000000000004,4.000000000000002,9.99999999999998,0.1,8.823627281589717,6.399908959316854,437912.0,0,0,1,1.0,1.0503320626357577e-6,1.1610522545601495e-7
0.2,4.000000000000002,0.0,9.99999999999998,0.1,5.684951500930904,9.976533105604144,440798.0,1,1,1,1.0,7.738435467716497,0.22627666976128055
0.7,4.000000000000002,0.0,9.99999999999998,0.1,6.550426531118096,9.316801737044111,442021.0,1,1,1,1.0,8.069159085894945e-6,8.69004957517231e-7
0.1,4.000000000000002,0.0,9.99999999999998,0.1,5.504801246253128,9.536344744494471,446082.0,1,1,1,1.0,0.007213370996184686,0.00010325069416376438
0.4,4.000000000000002,0.0,9.99999999999998,0.1,7.175525364208501,5.700254705452443,451130.0,0,1,1,1.0,1.784310190336613e-10,1.102102185893599e-11
0.5,4.000000000000002,0.0,9.99999999999998,0.1,13.027526941704329,7.386904148580467,457646.0,1,0,1,1.0,1.4943870240498742,0.11288505583767451
1.2,4.000000000000002,0.0,9.99999999999998,0.1,6.6596234185500265,9.747107928679526,457676.0,1,0,1,1.0,7.225992051435023,1.4059403281230098
0.4,4.000000000000002,0.0,9.99999999999998,0.1,9.899320672615392,9.929444059447773,458787.0,1,1,1,1.0,0.0025314075192612888,0.000150342486526883
1.7000000000000004,4.000000000000002,0.0,9.99999999999998,0.1,12.385499831627406,7.966478549648659,460700.0,1,1,1,1.0,0.0002339587716959221,7.053380173365338e-5
2.400000000000001,4.000000000000002,0.0,9.99999999999998,0.1,7.102198033879369,9.932060801119672,461375.0,1,1,1,1.0,0.027690085434932503,0.0121525787008626
0.7999999999999999,4.000000000000002,0.0,9.99999999999998,0.1,6.396986039471745,8.640561830009863,461875.0,1,0,1,1.0,0.2619986260494779,0.03314484479992083
0.1,2.0000000000000004,4.000000000000002,9.99999999999998,0.1,4.558186793462249,9.6517401390901,464513.0,0,0,1,1.0,1.026783370967753,0.014697720359186262
0.9999999999999999,4.000000000000002,0.0,9.99999999999998,0.1,6.612401835444337,8.939784934158501,467005.0,1,1,1,1.0,6.91619018775786e-11,1.0955702254214833e-11
0.6,4.000000000000002,0.0,9.99999999999998,0.1,8.006616291651895,7.48652515891779,469252.0,1,1,1,1.0,0.0032789769366512586,0.00030751188048005915
2.9000000000000012,4.000000000000002,0.0,9.99999999999998,0.1,8.372150508918342,9.370121894456377,470131.0,1,1,1,1.0,3.993987784736315e-6,2.2562462029553263e-6
0.1,3.0000000000000013,4.000000000000002,9.99999999999998,0.1,6.083237739913742,8.302123800444411,471091.0,0,1,1,1.0,0.06429700779585948,0.0009370913505302534
0.2,4.000000000000002,0.0,9.99999999999998,0.1,8.852358369652139,8.691905169781508,472393.0,1,1,1,1.0,0.006941632594865023,0.00020321227916146782
0.2,4.000000000000002,0.0,9.99999999999998,0.1,6.604936980169286,7.758648917980377,472964.0,1,1,1,1.0,0.001030308457805159,3.0227578903763577e-5
0.8999999999999999,4.000000000000002,0.0,9.99999999999998,0.1,11.399859644571919,7.176351840504846,478099.0,1,1,1,1.0,5.97807349784286e-5,8.73562004241693e-6
0.7999999999999999,4.000000000000002,0.0,9.99999999999998,0.1,11.235128586519716,7.65367480070834,478690.0,1,1,1,1.0,0.0001157693065448598,1.4529380126503216e-5
1.7000000000000004,4.000000000000002,0.0,9.99999999999998,0.1,7.473334811116773,9.046632125290888,480090.0,1,1,1,1.0,0.000394557328155143,0.00011495245010731441
0.8999999999999999,4.000000000000002,0.0,9.99999999999998,0.1,6.665084491764902,9.787162431367806,480586.0,1,1,1,1.0,1.345909903419566e-6,1.9117659725283067e-7
0.1,2.0000000000000004,4.000000000000002,9.99999999999998,0.1,6.339185656025649,7.932474345449573,481498.0,0,0,1,1.0,8.210985920597841e-9,1.193800270768697e-10
1.8000000000000005,4.000000000000002,0.0,9.99999999999998,0.1,10.042383854541002,8.095209061952273,481561.0,1,0,1,1.0,0.0039305099723363724,0.0012517694790764198
2.1000000000000005,4.000000000000002,0.0,9.99999999999998,0.1,7.885914848287413,9.934501105966847,485671.0,1,1,1,1.0,0.013209863242049296,0.004875856714036888
0.5,4.000000000000002,0.0,9.99999999999998,0.1,9.22258355009751,9.587292686408356,485993.0,1,1,1,1.0,0.6937896079786705,0.051871594207599576
0.7999999999999999,4.000000000000002,0.0,9.99999999999998,0.1,6.497532424488171,8.450909582156825,486682.0,1,1,1,1.0,0.0024468495076302786,0.0003096009795984062
0.30000000000000004,4.000000000000002,0.0,9.99999999999998,0.1,10.570957855520051,8.587755412471747,487587.0,1,1,1,1.0,1.9962556751025102,0.08915858375585013
4.200000000000001,4.000000000000002,0.0,9.99999999999998,0.1,9.438127878454857,9.944439906086096,493059.0,1,1,1,1.0,1.4613567689204537e-8,1.3603371837164878e-8
0.2,4.000000000000002,0.0,9.99999999999998,0.1,7.846959740746578,6.986439355483229,495686.0,1,1,1,1.0,4.708334987706388e-17,1.3792496097813045e-18
0.9999999999999999,4.000000000000002,0.0,9.99999999999998,0.1,5.337947338626692,9.908899325371001,499973.0,1,1,1,1.0,0.5165818989100075,0.08136661164448124
1.2,3.0000000000000013,4.000000000000002,9.99999999999998,0.1,8.01867972567951,9.24426518930549,500981.0,0,0,1,1.0,0.8551786527461253,0.16723247674594321
1.6000000000000003,4.000000000000002,0.0,9.99999999999998,0.1,7.782976053059663,9.799022290104432,503928.0,1,1,1,1.0,4.988580287417219e-9,1.3459208606454225e-9
10.899999999999977,13.999999999999966,0.0,0.0,0.1,5.002645632164603,7.118965668263307,523909.0,0,1,1,1.0,0.0035229926307917465,0.011807437249905309
3.600000000000002,4.000000000000002,0.0,9.99999999999998,0.1,10.448404186637928,9.9687867768889,524787.0,1,1,1,1.0,6.289271944302124e-8,4.6647694654706503e-8
5.099999999999998,13.999999999999966,0.0,0.0,0.1,13.396477849404956,8.178341711416198,524871.0,1,0,1,1.0,1.5361662530492788e-6,2.205841705636959e-6
1.5000000000000002,4.000000000000002,0.0,9.99999999999998,0.1,16.982432695694623,6.748066589227344,527321.0,1,1,1,1.0,0.5988652026830485,0.15935080296040346
0.30000000000000004,13.999999999999966,0.0,0.0,0.1,6.0823152124259625,8.223999200359868,527421.0,1,0,1,1.0,2.7443948259732034,0.12224100324198961
3.600000000000002,4.000000000000002,4.000000000000002,9.99999999999998,0.1,10.891796878186014,7.144089735786057,530394.0,0,1,1,1.0,1.3515829813465819e-5,1.1763974982929135e-5
1.4000000000000001,4.000000000000002,0.0,9.99999999999998,0.1,8.132813159657832,8.133577589776047,531164.0,1,1,1,1.0,0.13516352595238457,0.03243185390245618
0.6,4.000000000000002,4.000000000000002,9.99999999999998,0.1,6.756701986582777,7.9629954727625805,535028.0,0,0,1,1.0,1.43133125967469,0.13115776338813925
3.700000000000002,4.000000000000002,0.0,9.99999999999998,0.1,8.568629016709812,9.340439556344855,536937.0,1,0,1,1.0,3.437946401659717,2.7456202946902244
2.3000000000000007,4.000000000000002,0.0,9.99999999999998,0.1,17.292945796453154,8.538902173065438,537921.0,1,1,1,1.0,2.6676025523496887e-6,1.1426025309901935e-6
2.800000000000001,4.000000000000002,0.0,9.99999999999998,0.1,9.129092429218911,9.284855505607679,539712.0,1,0,1,1.0,2.7951210187913045e-6,1.523033708323535e-6
0.7,4.000000000000002,0.0,9.99999999999998,0.1,7.895905608940977,9.575870550225673,541033.0,1,0,1,1.0,2.630852212197279,0.2851439211497918
1.2,4.000000000000002,0.0,9.99999999999998,0.1,8.9862198713326,7.490837158520054,543838.0,1,0,1,1.0,9.309102954769062e-5,1.8605294846781168e-5
0.7999999999999999,3.0000000000000013,4.000000000000002,9.99999999999998,0.1,6.110998030526141,9.574912069669667,543919.0,0,0,1,1.0,3.830349519408321,0.4788232962135421
3.800000000000002,4.000000000000002,0.0,9.99999999999998,0.1,9.37459124138175,9.986314037208398,546593.0,1,1,1,1.0,3.5517033718353825e-7,2.858676005511944e-7
1.0999999999999999,4.000000000000002,0.0,9.99999999999998,0.1,8.934534153924478,8.302707249084936,548966.0,1,1,1,1.0,0.0013603126583903843,0.00024382514742998335
0.7,4.000000000000002,13.999999999999966,0.0,0.1,3.0547385896502544,7.462635543866152,549254.0,0,0,1,1.0,1.3584664334632504,0.1477678683652439
0.7999999999999999,4.000000000000002,0.0,9.99999999999998,0.1,6.036141336547855,9.538512248395474,557011.0,1,1,1,1.0,3.2674611171450276e-11,4.058741384067045e-12
0.1,4.000000000000002,0.0,9.99999999999998,0.1,10.474537173128802,9.559050272824868,561306.0,1,1,1,1.0,0.36729065212945844,0.0053505892555358
0.5,13.999999999999966,0.0,0.0,0.1,9.238563657010317,6.184184334375269,567458.0,1,0,1,1.0,1.413156197119868e-19,1.1090950483365976e-20
0.4,4.000000000000002,0.0,9.99999999999998,0.1,5.4494756307909755,8.95784422536198,573810.0,1,1,1,1.0,0.8995936992328281,0.05381868050979588
0.5,4.000000000000002,0.0,9.99999999999998,0.1,7.086889846375386,7.519823431758102,574610.0,1,1,1,1.0,0.17107249966981766,0.012972724701302969
1.4000000000000001,4.000000000000002,0.0,9.99999999999998,0.1,9.924640792265928,5.466840101499038,574700.0,1,1,1,1.0,1.1739588435256087e-9,3.0612015024773064e-10
1.3,4.000000000000002,0.0,9.99999999999998,0.1,12.893448035576645,9.635841602744739,582463.0,1,0,1,1.0,0.023247509117684872,0.004890878006338275
0.7999999999999999,4.000000000000002,0.0,9.99999999999998,0.1,5.810858853336512,9.386526967287416,588937.0,1,1,1,1.0,4.4438795270223416e-10,5.488901735951419e-11
2.0000000000000004,4.000000000000002,0.0,9.99999999999998,0.1,9.61641627690932,8.54646106627396,592857.0,1,1,1,1.0,0.0025648651646821667,0.0009227302539039782
1.3,4.000000000000002,0.0,9.99999999999998,0.1,6.631669500893548,9.675244390294251,593732.0,1,0,1,1.0,1.2331221235620394e-9,2.611633047124955e-10
0.7,4.000000000000002,0.0,9.99999999999998,0.1,8.053008925618226,8.10247738101425,595267.0,1,1,1,1.0,1.6715617954455118,0.18317859196023756
1.6000000000000003,4.000000000000002,0.0,9.99999999999998,0.1,11.104081191851707,7.278009586795626,599604.0,1,1,1,1.0,4.390860664082488e-9,1.2570884270962353e-9
0.4,4.000000000000002,0.0,9.99999999999998,0.1,6.13336653634539,8.314449036863,605834.0,1,1,1,1.0,1.5911615337499058e-20,9.502198978535716e-22
2.600000000000001,4.000000000000002,0.0,9.99999999999998,0.1,6.961227677647683,9.80706714618762,608164.0,1,1,1,1.0,6.80611740111245e-8,3.2985315084453246e-8
6.299999999999994,4.000000000000002,0.0,9.99999999999998,0.1,10.000474920808648,9.982514648049568,613509.0,0,1,1,1.0,0.0933679890521849,0.16628560242384957
1.8000000000000005,4.000000000000002,0.0,9.99999999999998,0.1,10.038694114036725,9.130265471873086,618686.0,1,1,1,1.0,0.0023024019281468553,0.0007222006938108343
0.6,4.000000000000002,0.0,9.99999999999998,0.1,6.0854032019655655,8.590972620989495,624815.0,1,0,1,1.0,0.0631401015703096,0.005815698639083095
0.5,4.000000000000002,0.0,9.99999999999998,0.1,4.598387988341852,9.979164881103772,629037.0,1,1,1,1.0,0.08606550280817023,0.006512524082443849
2.0000000000000004,4.000000000000002,0.0,9.99999999999998,0.1,9.043126608627702,8.96523297600687,632609.0,1,1,1,1.0,0.007705509964872956,0.0027511342817685518
1.0999999999999999,0.9999999999999999,4.000000000000002,9.99999999999998,0.1,6.121928315329329,9.71045492808101,633973.0,0,1,1,1.0,2.0200439950837634e-7,3.5388347512781154e-8
0.7999999999999999,4.000000000000002,0.0,9.99999999999998,0.1,6.01195540644702,9.327744338097295,634013.0,1,0,1,1.0,0.004218580274514357,0.0005268611142357044
1.0999999999999999,4.000000000000002,0.0,9.99999999999998,0.1,7.015768135655078,9.799507537343175,636471.0,1,1,1,1.0,0.00019958723154995983,3.497158764143749e-5
11.799999999999974,13.999999999999966,0.0,0.0,0.1,10.021464139228103,9.356449113814929,637553.0,0,1,1,1.0,3.008739128069443,13.097872848949379
0.30000000000000004,4.000000000000002,0.0,9.99999999999998,0.1,7.8167650724024424,9.95441941947102,638756.0,1,0,1,1.0,3.1132724812517653e-7,1.3647002134791908e-8
0.7,4.000000000000002,0.0,9.99999999999998,0.1,4.521504252326936,9.44820764686261,648540.0,0,1,1,1.0,1.3091450335706553e-5,1.4139209678508413e-6
0.30000000000000004,4.000000000000002,0.0,9.99999999999998,0.1,8.944688579406058,9.477769616244222,651678.0,1,0,1,1.0,6.747847934058576e-8,2.966948802289256e-9
0.30000000000000004,4.000000000000002,0.0,9.99999999999998,0.1,6.827082105140868,8.73872546682236,652613.0,1,1,1,1.0,1.9856327520754799e-28,8.801787702020168e-30
0.8999999999999999,4.000000000000002,13.999999999999966,0.0,0.1,6.286343208943452,8.489315530900177,656398.0,0,0,1,1.0,1.1181451631409037e-8,1.606031574875239e-9
1.8000000000000005,4.000000000000002,0.0,9.99999999999998,0.1,8.520242145857825,9.871221528857527,656502.0,1,1,1,1.0,0.12490936418082343,0.03833377147516973
0.1,4.000000000000002,0.0,9.99999999999998,0.1,11.4351455204428,8.424072605815805,656702.0,1,0,1,1.0,0.09371830832322585,0.0013684922135602361
2.1000000000000005,4.000000000000002,0.0,9.99999999999998,0.1,7.628224446537861,8.654116319208743,659338.0,1,1,1,1.0,0.1992243569895716,0.07676584783136521
0.6,4.000000000000002,0.0,9.99999999999998,0.1,6.390524643861513,9.359630693247258,661325.0,1,1,1,1.0,7.48964882733849e-7,6.879867499553559e-8
0.6,4.000000000000002,0.0,9.99999999999998,0.1,7.759406256183285,9.081561420931564,668336.0,1,1,1,1.0,26.64170951162512,2.432088483609492
2.2000000000000006,4.000000000000002,0.0,9.99999999999998,0.1,7.920114887296783,8.439816022602475,669008.0,1,0,1,1.0,4.87514214960294e-5,1.9883878010973154e-5
0.30000000000000004,4.000000000000002,0.0,9.99999999999998,0.1,4.779189983051935,9.51967477770955,674697.0,1,1,1,1.0,0.03406617107277422,0.0015017835628352088
1.5000000000000002,4.000000000000002,0.0,9.99999999999998,0.1,10.383555349251782,8.267520254816285,675915.0,1,1,1,1.0,0.03744952870787635,0.00953091066476241
2.2000000000000006,4.000000000000002,4.000000000000002,9.99999999999998,0.1,6.567467917175391,9.737533003600323,677839.0,0,1,1,1.0,1.1934592382959491e-6,4.668507426445156e-7
1.2,13.999999999999966,0.0,0.0,0.1,6.560519686924466,9.364377223417243,681420.0,1,0,1,1.0,7.234160848925408e-6,1.416087165070688e-6
1.7000000000000004,12.99999999999997,0.0,9.99999999999998,0.1,11.312381798333458,7.48303814306817,683822.0,0,1,1,1.0,1.9258140015865014e-6,5.951247643523252e-7
0.7,4.000000000000002,0.0,9.99999999999998,0.1,9.323521461435373,9.547383688453078,684108.0,1,1,1,1.0,0.0007763349082692149,8.347370354347274e-5
2.2000000000000006,13.999999999999966,0.0,0.0,0.1,9.8200138141858,7.67447877541181,691298.0,1,0,1,1.0,0.08704204301695712,0.037083750624127436
0.1,4.000000000000002,4.000000000000002,9.99999999999998,0.1,6.426661763764509,7.8626183953337545,691787.0,0,0,1,1.0,6.2094286161851746e-18,9.068797420185036e-20
0.1,4.000000000000002,0.0,9.99999999999998,0.1,6.351729427740605,7.948216328921579,694882.0,1,1,1,1.0,2.276222053167822e-8,3.311461757794092e-10
0.4,4.000000000000002,0.0,9.99999999999998,0.1,10.771971315831545,8.56655115460022,695995.0,1,1,1,1.0,0.00017989409629120764,1.0735953083060916e-5
0.5,4.000000000000002,0.0,9.99999999999998,0.1,6.304696023113984,9.594043579094928,700991.0,1,1,1,1.0,0.5084763661403905,0.038335349049962976
1.8000000000000005,11.999999999999973,4.000000000000002,9.99999999999998,0.1,6.329300648209877,9.514298213021497,702516.0,0,1,1,1.0,6.713388403598583,2.0841618342760566
0.1,4.000000000000002,0.0,9.99999999999998,0.1,7.305212722195379,9.412202650322719,706903.0,1,1,1,1.0,1.248778307395832,0.01788476842156936
0.2,4.000000000000002,0.0,9.99999999999998,0.1,7.328807777653648,9.5656897815092,710247.0,1,0,1,1.0,3.339605359966443e-5,9.771656657052756e-7
4.6,4.000000000000002,0.0,9.99999999999998,0.1,8.826413570691448,9.827470269190853,710321.0,1,1,1,1.0,0.005373284305990987,0.005768996371040775
4.999999999999998,5.999999999999995,13.999999999999966,0.0,0.1,15.761105285429839,5.97815487747809,711120.0,0,0,1,1.0,3.342057757918014e-7,5.979648329441805e-7
0.1,4.000000000000002,0.0,9.99999999999998,0.1,6.346689212894066,9.293812184670594,714938.0,1,1,1,1.0,0.0028103276396834356,4.0334795471818865e-5
0.6,2.0000000000000004,4.000000000000002,9.99999999999998,0.1,6.146189505619274,9.330279628831562,717552.0,0,1,1,1.0,0.007048892834214044,0.0006471721002581213
0.1,4.000000000000002,0.0,9.99999999999998,0.1,10.56620711246327,9.245852616438988,718981.0,1,1,1,1.0,2.0272110595842716,0.029241540670065392
0.1,4.000000000000002,0.0,9.99999999999998,0.1,7.232610116408849,9.4006708501954,730076.0,1,1,1,1.0,9.065987750446516e-10,1.3170773022026397e-11
2.0000000000000004,4.000000000000002,0.0,9.99999999999998,0.1,8.12396877298284,8.518149116524906,731932.0,1,1,1,1.0,0.4019083801261234,0.14719015783168957
0.1,4.000000000000002,0.0,9.99999999999998,0.1,4.168994640472126,9.935905470470864,743351.0,1,1,1,1.0,0.011606628874270579,0.00016858588726177063
0.5,4.000000000000002,0.0,9.99999999999998,0.1,7.135960428935003,8.068615695016398,746215.0,1,1,1,1.0,0.2548486363127615,0.019552454004648053
0.30000000000000004,4.000000000000002,0.0,9.99999999999998,0.1,7.002255625523788,7.602394360707785,748930.0,1,1,1,1.0,2.7189728233766092e-5,1.2200389933585877e-6
3.0000000000000013,13.999999999999966,0.0,0.0,0.1,9.945107875992738,6.971148634816366,752795.0,1,0,1,1.0,0.00038315735851288525,0.0002541993286270766
0.6,4.000000000000002,0.0,9.99999999999998,0.1,8.133360397316018,9.130007539255669,757435.0,1,1,1,1.0,11.863931585380636,1.0929937744265175
0.5,4.000000000000002,4.000000000000002,9.99999999999998,0.1,6.9764240712341286,9.609282913450729,757439.0,0,1,1,1.0,3.3287515424409806e-5,2.520334651214231e-6
0.8999999999999999,4.000000000000002,0.0,9.99999999999998,0.1,7.443361247910252,9.226728839811553,762464.0,1,1,1,1.0,0.21494771066057075,0.030478133915146387
2.800000000000001,4.000000000000002,0.0,9.99999999999998,0.1,11.575708867150441,8.783824993714198,765490.0,1,0,1,1.0,0.5799232794142036,0.32308983567424576
1.4000000000000001,4.000000000000002,0.0,9.99999999999998,0.1,6.574797847717683,9.252012253992538,772177.0,1,1,1,1.0,0.4445911453671264,0.10429351399991796
0.7999999999999999,4.000000000000002,0.0,9.99999999999998,0.1,7.182732232908934,8.411812815430945,773738.0,1,1,1,1.0,0.3180004135580911,0.03948513797683138
0.8999999999999999,4.000000000000002,0.0,9.99999999999998,0.1,7.8247019096712584,8.136776037559011,776559.0,1,1,1,1.0,6.260819289279835,0.9032953293021597
3.900000000000002,13.999999999999966,0.0,0.0,0.1,12.010824640176049,8.03764851054584,779566.0,1,0,1,1.0,1.3483861929814118e-12,1.2354985859389193e-12
0.8999999999999999,4.000000000000002,0.0,9.99999999999998,0.1,5.499670353231661,9.746967562708829,787197.0,1,1,1,1.0,8.021094370793256e-10,1.132018939779866e-10
0.4,4.000000000000002,0.0,9.99999999999998,0.1,8.263755111939906,7.031263026858569,791713.0,1,1,1,1.0,0.003464795751256928,0.0002091544510465278
0.6,4.000000000000002,0.0,9.99999999999998,0.1,5.203887913230831,9.473074048736063,804504.0,1,1,1,1.0,0.25468603031956094,0.023017832677536605
0.2,4.000000000000002,0.0,9.99999999999998,0.1,4.796061959407085,9.399950868011672,804662.0,1,1,1,1.0,0.00014869401784852097,4.352069931631339e-6
1.4000000000000001,4.000000000000002,0.0,9.99999999999998,0.1,8.46354161024927,7.887858081730298,805630.0,1,0,1,1.0,0.028849064018063933,0.006807387407064091
2.700000000000001,4.000000000000002,0.0,9.99999999999998,0.1,8.870706320915554,8.780713263790265,813668.0,1,0,1,1.0,8.336416578070549e-13,4.380762625425348e-13
1.5000000000000002,13.999999999999966,0.0,0.0,0.1,8.042369353740392,9.954070778042851,816371.0,1,0,1,1.0,3.329962764437665e-15,8.3489018947585775e-16
0.7,4.000000000000002,0.0,9.99999999999998,0.1,5.222275070133629,9.522904003105124,821363.0,1,1,1,1.0,0.18353952940452162,0.019553941003712442
0.1,4.000000000000002,0.0,9.99999999999998,0.1,8.181615071077994,9.343011865589697,822983.0,1,1,1,1.0,0.3514549831261276,0.005063181505167585
1.6000000000000003,4.000000000000002,0.0,9.99999999999998,0.1,5.041123804136451,9.324814441434487,823383.0,0,1,1,1.0,6.200680847948035e-5,1.6881713423066303e-5
2.1000000000000005,4.000000000000002,0.0,9.99999999999998,0.1,6.363895637434257,9.599850400749602,834042.0,0,0,1,1.0,2.7525202131637852e-5,1.0321966281486425e-5
0.30000000000000004,4.000000000000002,0.0,9.99999999999998,0.1,10.203906816962443,9.739918856346357,835475.0,1,1,1,1.0,0.0006714025740985825,2.9451166040127302e-5
0.7999999999999999,4.000000000000002,0.0,9.99999999999998,0.1,6.7274999448962705,8.744399872875608,836264.0,1,0,1,1.0,2.977480557445907,0.37015972858253565
2.1000000000000005,4.000000000000002,0.0,9.99999999999998,0.1,6.436424150544488,9.735362073317445,839435.0,1,1,1,1.0,0.033314389636927885,0.012516277031335052
0.5,4.000000000000002,0.0,9.99999999999998,0.1,8.441828280096175,7.210793481496439,840523.0,1,0,1,1.0,2.3842798949896038e-5,1.8456585399135568e-6
0.2,4.000000000000002,0.0,9.99999999999998,0.1,4.750488776478885,9.616082045737297,840622.0,1,1,1,1.0,0.7438911033842188,0.021606742787866565
9.799999999999981,13.999999999999966,0.0,0.0,0.1,5.322936873224873,5.060207155843974,841384.0,0,1,1,1.0,0.036486705776475545,0.09110383216495324
0.5,4.000000000000002,0.0,9.99999999999998,0.1,5.4775389719446865,9.296396772352246,845947.0,1,1,1,1.0,1.965028591629024e-9,1.4889360236241242e-10
0.4,4.000000000000002,0.0,9.99999999999998,0.1,10.93083374625874,9.859300316586985,848114.0,1,1,1,1.0,2.8651462066098685e-5,1.7069601990140481e-6
1.6000000000000003,4.000000000000002,0.0,9.99999999999998,0.1,8.563108970980226,9.608646243472153,855190.0,1,1,1,1.0,7.391169713283648,2.0119892175687957
2.9000000000000012,4.000000000000002,0.0,9.99999999999998,0.1,10.391673199411967,8.638244750154275,858792.0,1,1,1,1.0,0.2017120869681975,0.11874738969721339
0.30000000000000004,4.000000000000002,0.0,9.99999999999998,0.1,7.678334915417577,9.955586503423323,860142.0,1,1,1,1.0,0.00016808807304162455,7.378514579646652e-6
1.5000000000000002,4.000000000000002,0.0,9.99999999999998,0.1,9.243623684137631,7.711344675814143,864256.0,1,1,1,1.0,2.4405978171754423,0.6411278737189772
0.4,4.000000000000002,0.0,9.99999999999998,0.1,4.757921110299013,9.729518976264448,864448.0,1,1,1,1.0,7.819038021421631,0.46249912646480085
10.399999999999979,13.999999999999966,0.0,0.0,0.1,5.6632092100112095,8.591959460218188,876104.0,0,0,1,1.0,5.550587506642215,21.90005237296511
0.1,4.000000000000002,0.0,9.99999999999998,0.1,14.382211195287136,5.122020776583166,878887.0,1,1,1,1.0,0.0003533489332664149,5.126654120651459e-6
1.7000000000000004,4.000000000000002,0.0,9.99999999999998,0.1,8.168742134620626,7.857920082864954,886827.0,1,0,1,1.0,9.405428999559085e-5,2.8614439086652153e-5
0.2,4.000000000000002,0.0,9.99999999999998,0.1,5.502496521890395,9.934950961565665,887587.0,1,1,1,1.0,0.09317621132165176,0.0027164868490963945
6.699999999999992,13.999999999999966,0.0,0.0,0.1,3.0530475880144614,6.938131140755064,889074.0,0,1,1,1.0,0.02316310846549858,0.06621211145352138
0.30000000000000004,4.000000000000002,0.0,9.99999999999998,0.1,6.031854936490132,8.879154450521334,890515.0,1,1,1,1.0,0.017237264487369234,0.0007662333309239732
3.600000000000002,13.999999999999966,0.0,0.0,0.1,12.307738939915325,9.09594653614951,890714.0,1,0,1,1.0,1.126094915375822e-28,8.63561811540389e-29
8.899999999999984,13.999999999999966,0.0,0.0,0.1,8.179913393487949,8.8392643123686,891012.0,0,0,1,1.0,1.6397143590375757e-6,6.306583418602945e-6
1.0999999999999999,4.000000000000002,0.0,9.99999999999998,0.1,10.434495773493826,9.576743333739667,897741.0,1,1,1,1.0,0.02443694721589026,0.0043377559207307455
2.400000000000001,4.000000000000002,0.0,9.99999999999998,0.1,9.786023814441252,9.339197706742146,901227.0,1,1,1,1.0,1.1501754744428048,0.5115230488434485
0.5,4.000000000000002,0.0,9.99999999999998,0.1,7.62172320011654,9.923305021644277,903235.0,1,1,1,1.0,0.022802541356117912,0.0017279527473637497
0.2,4.000000000000002,0.0,9.99999999999998,0.1,4.618454480895197,9.829911464797169,905333.0,1,1,1,1.0,5.097321242177016e-6,1.4899757709570074e-7
0.9999999999999999,13.999999999999966,0.0,0.0,0.1,8.72761989989648,6.447239158921098,908436.0,1,0,1,1.0,0.17092942240899547,0.028252052617217343
0.7,4.000000000000002,0.0,9.99999999999998,0.1,5.040411465115331,9.809999975243183,912451.0,1,1,1,1.0,0.00016799505496628147,1.7862904620418548e-5
0.9999999999999999,4.000000000000002,0.0,9.99999999999998,0.1,6.394021161083344,9.52630846168909,916068.0,1,1,1,1.0,2.9170356529227495,0.46145426285810476
14.299999999999965,13.999999999999966,0.0,0.0,0.1,16.599643739337417,5.353232472118368,922134.0,0,1,1,1.0,1.0303432653928628,3.3523782288562116
0.1,4.000000000000002,0.0,9.99999999999998,0.1,5.919975188871306,8.653195800923578,927380.0,1,1,1,1.0,2.0419560977797705e-6,2.9800536166236795e-8
2.1000000000000005,4.000000000000002,0.0,9.99999999999998,0.1,7.7772919118223784,9.215848962368234,927598.0,1,1,1,1.0,2.5034400021044282e-6,9.352826649914329e-7
10.499999999999979,13.999999999999966,0.0,0.0,0.1,22.856365709472794,9.847585563278564,927775.0,1,1,1,1.0,2.6861671819694546e-8,1.1647553715371736e-7
0.1,4.000000000000002,0.0,9.99999999999998,0.1,4.435559348859972,9.624488264273781,928545.0,1,1,1,1.0,3.3944410116419306e-8,4.85481927978799e-10
2.2000000000000006,4.000000000000002,0.0,9.99999999999998,0.1,6.845938921597936,9.95698565708394,930510.0,1,1,1,1.0,9.984950600671805e-8,3.955840324701163e-8
2.0000000000000004,4.000000000000002,0.0,9.99999999999998,0.1,7.5835595975982955,9.099957282972706,933480.0,1,1,1,1.0,5.393836529133238,1.917998168761758
8.899999999999984,13.999999999999966,0.0,0.0,0.1,17.2667898786693,7.894097625022479,938295.0,1,1,1,1.0,4.114497177199832e-15,1.4544057967561385e-14
1.8000000000000005,4.000000000000002,0.0,9.99999999999998,0.1,9.837822926699564,7.459385605497081,938594.0,1,0,1,1.0,2.695421307754267e-9,8.742107994284473e-10
0.1,4.000000000000002,0.0,9.99999999999998,0.1,9.874757075734914,7.0134267333301015,947762.0,1,0,1,1.0,4.684840566269239,0.06847486913644697
0.30000000000000004,4.000000000000002,4.000000000000002,9.99999999999998,0.1,8.632629583655174,9.088643449044529,952322.0,0,1,1,1.0,2.7312325403236175e-6,1.2015025515450013e-7
9.299999999999983,13.999999999999966,0.0,0.0,0.1,4.756750505418075,6.026788295655105,952480.0,0,1,1,1.0,5.035549007238073e-12,1.4493027433695221e-11
0.9999999999999999,4.000000000000002,0.0,9.99999999999998,0.1,7.599103428066863,8.12938881819877,964591.0,1,1,1,1.0,8.202728202543735,1.3118471463365435
0.6,4.000000000000002,0.0,9.99999999999998,0.1,6.165533840815024,9.580499798094912,965897.0,1,1,1,1.0,1.1908133205661397e-15,1.0767935833376803e-16
0.5,4.000000000000002,0.0,9.99999999999998,0.1,6.798147324211957,9.337725018659395,966139.0,1,1,1,1.0,0.026496813451711714,0.0019942551931989433
5.099999999999998,13.999999999999966,0.0,0.0,0.1,6.306565449426668,9.660444320223466,974074.0,0,0,1,1.0,0.016657874280491636,0.021260761388414914
1.2,5.999999999999995,4.000000000000002,9.99999999999998,0.1,7.87037829792698,9.443889332496962,977252.0,0,1,1,1.0,0.056755190999859546,0.010956732235921057
3.0000000000000013,4.000000000000002,0.0,9.99999999999998,0.1,9.10149554564725,9.78137314981164,977259.0,1,1,1,1.0,2.2210475195676133e-8,1.3002334664111707e-8
1.3,4.000000000000002,0.0,9.99999999999998,0.1,6.504663771514444,9.346328659973908,980173.0,1,1,1,1.0,6.072735342149313,1.2898890427281808
0.7999999999999999,4.000000000000002,0.0,9.99999999999998,0.1,5.939692189662333,8.781971099960106,983885.0,1,1,1,1.0,1.296051932557187e-5,1.6031666492569006e-6
0.7,4.000000000000002,0.0,9.99999999999998,0.1,6.4229024537220205,9.176357227534204,985196.0,1,1,1,1.0,9.614207358048254e-11,1.0309522437481948e-11
0.2,4.000000000000002,0.0,9.99999999999998,0.1,5.009432914748008,9.647009453249362,989980.0,1,1,1,1.0,1.3737519544141317,0.039946608019419405
0.7999999999999999,4.000000000000002,0.0,9.99999999999998,0.1,5.359401070126864,8.943232542957311,993562.0,0,1,1,1.0,0.008071936879682974,0.000997313477825007
3.600000000000002,13.999999999999966,0.0,0.0,0.1,12.421290967157296,5.744011774121231,994635.0,1,0,1,1.0,2.659604417517519e-8,2.632495494288039e-8
2.800000000000001,4.000000000000002,0.0,9.99999999999998,0.1,8.941518502605197,9.581531342384421,996129.0,1,1,1,1.0,0.023525193289282157,0.012736524924063155
0.2,12.99999999999997,0.0,9.99999999999998,0.1,14.49851158255248,9.199688898725597,999069.0,1,1,1,1.0,0.8864709220698545,0.025782504933391605
